:020000040000FA
:1000000018F09FE518F09FE518F09FE518F09FE5C0
:1000100018F09FE50000A0E1F0FF1FE518F09FE554
:100020005800000058000000580000005800000070
:1000300058000000000000005800000058000000B8
:10004000FEFFFFEAFEFFFFEAFEFFFFEAFEFFFFEA18
:10005000FEFFFFEAFEFFFFEABC009FE5BC109FE544
:10006000001080E5B8109FE5041080E5B4109FE50E
:10007000081080E5B0009FE5AA10A0E35520A0E39A
:100080002330A0E3043080E50130A0E3003080E5B8
:100090000C1080E50C2080E5083090E5013B13E270
:1000A000FCFFFF0A0330A0E3003080E50C1080E580
:1000B0000C2080E574009FE50410A0E3041080E5A7
:1000C0000210A0E3001080E564009FE5DBF021E36F
:1000D00000D0A0E1000040E2D7F021E300D0A0E191
:1000E000000040E2D1F021E300D0A0E1000040E2B6
:1000F000D2F021E300D0A0E1800040E2D3F021E380
:1001000000D0A0E1200040E210F021E300D0A0E107
:1001100001AB4DE21C009FE510FF2FE10000E0FF66
:1001200083240010431400204314001080C01FE0FB
:1001300000C01FE0183D00403C010000000000EB43
:10014000510000EB2C008FE2000C90E800A08AE048
:1001500000B08BE001704AE20B005AE10000001A87
:10016000490000EB0F00BAE818E04FE2010013E38A
:1001700003F0471013FF2FE174B60000A4B600008F
:1001800001C08FE21CFF2FE18A18037801305C0761
:10019000640F01D1047801301D1101D105780130BF
:1001A000013C05D0067801300E700131013CF9D1D7
:1001B0001E0706D42E1C0ED0013E8C55FCD14919C9
:1001C00009E0047801300C1B0135267801340E70EB
:1001D0000131013DF9D59142D7D370470030B0E3EA
:1001E0000040B0E30050B0E30060B0E3102052E202
:1001F0007800A128FCFFFF8A822EB0E13000A12800
:10020000003081451EFF2FE17847C046660051E36C
:10021000C02B000A640051E3620B000A750051E331
:10022000600B000A780051E37C0B000A0000B0E389
:100230001EFF2FE101C08FE21CFF2FE11FB50098C8
:10024000019904F0A8FA03F017FF04000020002130
:100250000AF0A2FA401C6060002000210AF0C6FAF1
:10026000E06003F04FFE059886460FBC009C02B08C
:100270007047000001C08FE21CFF2FE130B47546CB
:1002800003F0AEFEAE4630BC70470000121100EB2A
:100290000210A0E1E6FFFFEB1CC09FE50FC08CE061
:1002A00001001CE30DE08F120FE0A0011CFF2FE105
:1002B00001C08FE21CFF2FE104F0D3FA34040000E8
:1002C0007847C04603002DE9E9FFFFEB0300BDE8D6
:1002D0001E0600EBF0472DE90070A0E10180A0E1CF
:1002E0000290A0E10360A0E1010058E30600000ACB
:1002F000020058E30C00000A040058E31200000A50
:10030000050058E33100001A110000EA0000A0E1E6
:100310000710A0E1250E8FE2F60A00EB0100A0E332
:1003200068129FE50000C1E5280000EA0000A0E196
:100330000710A0E1960F8FE2EE0A00EB0000A0E3A9
:1003400048129FE50000C1E5200000EA0000A0E19E
:100350001E0000EA0000A0E10640A0E1000054E316
:10036000190000DA0410A0E1930F8FE2E10A00EB1C
:10037000010C54E3140000AA0420A0E10910A0E13C
:1003800054029FE5E10B00EB0050A0E30B0000EAF4
:10039000050285E044129FE50001D1E70B0050E320
:1003A0000400001A0420A0E12C129FE50500A0E142
:1003B0000B2700EB030000EA010085E2FF5000E29A
:1003C000010055E3F1FFFFBA0000A0E10000A0E149
:1003D0000000A0E10000A0E3F047BDE81EFF2FE110
:1003E00010402DE9F8119FE57E0F8FE2C10A00EB66
:1003F0000040A0E3090000EA0100A0E3041284E049
:10040000D8219FE50101C2E74F0F4FE2041284E0BB
:10041000011182E0400081E5010084E2FF4000E23A
:10042000010054E3F3FFFFBAB4119FE50000A0E31D
:10043000322400EB000050E30500001A730F8FE236
:10044000AC0A00EB0100A0E340119FE50000C1E50C
:10045000040000EA760F8FE2A60A00EB0000A0E39A
:1004600028119FE50000C1E51040BDE81EFF2FE107
:10047000F04F2DE92CD04DE210019FE50000D0E5B2
:10048000000050E38400000A7B2400EBBC019FE5E0
:10049000000090E5582A00EB0040A0E10150A0E1E7
:1004A000AC019FE5000090E5532A00EB0060A0E15D
:1004B0000170A0E19C019FE5000090E54E2A00EB51
:1004C0000080A0E10190A0E18C019FE5000090E593
:1004D000492A00EB00A0A0E101B0A0E17C019FE56A
:1004E000000090E5442A00EB20208DE2030082E822
:1004F00018008DE2300080E810008DE2C00080E836
:1005000008008DE2000380E8000C8DE850119FE5A3
:10051000C4009FE520308DE20C0093E87E0A00EBDA
:100520000008A0E12008A0E128008DE50040A0E33C
:10053000550000EA040284E0A0109FE50001D1E725
:100540000B0050E34E00001A8C109FE50400A0E160
:1005500028209DE5A22600EB000050E30100001AD0
:10056000010C8FE2630A00EB490000EA544350207B
:10057000436C69656E7420636F6E6E656374656449
:10058000206F6E20736F636B65742025640A000012
:100590005800004054435020436C69656E742064D9
:1005A0006973636F6E6E65637465642066726F6DE8
:1005B00020736F636B65742025640A005265636560
:1005C000697665642025642062797465732066729B
:1005D0006F6D204C6162564945570A003C0300404C
:1005E000F8020040901F0000496E697469616C69EF
:1005F0007A696E6720544350205365727665722085
:100600006F6E20706F72742025642E2E2E0A0000EB
:10061000544350205365727665722073746172740E
:100620006564207375636365737366756C6C790AB2
:10063000000000004661696C656420746F2073746B
:1006400061727420544350205365727665720A00BB
:1006500050000040540000404C0000404400004066
:10066000480000409CB7000053656E74206D6574AF
:10067000656F206461746120746F204C616256491B
:1006800045570A00010084E2FF4000E2010054E304
:10069000A7FFFFBA0000A0E10000A0E12CD08DE28E
:1006A000F04FBDE81EFF2FE10010A0E3060000EAB6
:1006B0000020A0E3000000EA012082E224339FE54D
:1006C000030052E1FBFFFFBA011081E2000051E19B
:1006D000F6FFFF3A1EFF2FE138D04DE20040A0E3C5
:1006E0000060A0E3180700EB0050A0E3C11C00EB82
:1006F000350500EB2F0E8FE2B41900EB37FFFFEB4F
:100700000000A0E3E4129FE5000081E5E0129FE510
:10071000000081E5DC029FE5DC129FE5000081E539
:100720000B00A0E3D4129FE5B000C1E1CC0000EAC9
:10073000091E00EB4B0600EB790600EB4BFFFFEBCD
:10074000BC029FE50000D0E5020000E2000050E39B
:100750002D00000A050054E304F18F301D0000EA6B
:10076000030000EA070000EA0B0000EA0F0000EABD
:10077000130000EA0000A0E188029FE588129FE5CF
:10078000000081E5190000EA0000A0E17C029FE57D
:1007900074129FE5000081E5140000EA0000A0E16A
:1007A0006C029FE560129FE5000081E50F0000EA02
:1007B0000000A0E15C029FE54C129FE5000081E58E
:1007C0000A0000EA0000A0E14C029FE538129FE514
:1007D000000081E5050000EA0000A0E10040A0E380
:1007E00020029FE520129FE5000081E50000A0E1C6
:1007F0000000A0E1750600EB014084E2050054E32F
:10080000020000BA0040A0E3000000EA6F0600EB1F
:10081000C800A0E3A3FFFFEB380000EAFC119FE54E
:100820000000D1E5F8119FE50010D1E5000051E38B
:100830000C00001AAA0050E30000000A2F0000EA92
:10084000E0119FE5D8219FE50020D2E50200C1E735
:10085000CC119FE50010D1E5011081E2C0219FE598
:100860000010C2E5250000EAB4119FE50010D1E5B3
:10087000010051E30F00001A550050E30300000A85
:100880000010A0E398219FE50010C2E51B0000EADC
:1008900090119FE588219FE50020D2E50200C1E785
:1008A0007C119FE50010D1E5011081E270219FE5E8
:1008B0000010C2E5110000EA68119FE560219FE584
:1008C0000020D2E50200C1E754119FE50010D1E5F8
:1008D000011081E248219FE50010C2E5001082E28C
:1008E0000010D1E50B0051E3030000BA0160A0E362
:1008F0000010A0E30010C2E5050000EA0000A0E13E
:1009000018019FE51400D0E5010000E2000050E36B
:10091000C1FFFF1A0000A0E1010056E35000001AD9
:100920000060A0E3FC009FE50000D0E5AA0050E3D2
:100930004B00001AEC009FE50100D0E5550050E3A4
:100940004700001A0000A0E1015085E20000A0E38A
:10095000070000EACC109FE50010D1E7852085E074
:10096000852182E00D30A0E1032082E00010C2E783
:10097000010080E20B0050E3F5FFFFBA040055E3ED
:100980001300001A0420A0E305108DE238031FE5D0
:100990005E0A00EB0420A0E310108DE244031FE583
:1009A0005A0A00EB0420A0E31B108DE25C031FE554
:1009B000560A00EB0420A0E326108DE274031FE525
:1009C000520A00EB0420A0E331108DE280031FE502
:1009D0004E0A00EB040055E3210000BA0050A0E3EA
:1009E0000000A0E31C0000EA881300004D00000096
:1009F00000000040040000400000E8417801004091
:100A0000A60100407C01004008000040400000407A
:100A1000130000401E000040290000403400004048
:100A2000000001E0590000403C0500400010A0E338
:100A3000060000EA0020A0E3803080E0803183E0FF
:100A40000DC0A0E10C3083E00120C3E7011081E27A
:100A50000B0051E3F6FFFFBA010080E2050050E30E
:100A6000F1FFFFBA31FFFFEA0C009FE50C109FE594
:100A70000C209FE50C309FE51EFF2FE178300040F1
:100A8000783C0040783800407838004004D04DE28F
:100A90000200A0E300008DE50000A0E100009DE55C
:100AA000011040E2000050E300108DE5FAFFFF1A4C
:100AB00004D08DE21EFF2FE18224A0E3B000C2E14A
:100AC000B410C2E11EFF2FE10010A0E18204A0E3F8
:100AD000B010C0E1B400D0E11EFF2FE18204A0E31A
:100AE000B400D0E11EFF2FE18214A0E3B400C1E105
:100AF0001EFF2FE18214A0E3B000C1E11EFF2FE131
:100B000010402DE90040A0E10130A0E10A10A0E36F
:100B10000B00A0E3E7FFFFEB3F0004E2401080E39F
:100B20000C00A0E3E3FFFFEB4314A0E10E00A0E301
:100B3000E0FFFFEBFF1003E20D00A0E3DDFFFFEBA2
:100B40000010A0E30B00A0E3DAFFFFEB1040BDE8CC
:100B50001EFF2FE110402DE90710A0E31E00A0E3C7
:100B6000D4FFFFEB0610A0E31F00A0E3D1FFFFEBD3
:100B70000310A0E30000A0E3CEFFFFEB0100A0E321
:100B8000220500EB0010A0E30100A0E1C9FFFFEB8C
:100B90000310A0E30000A0E3C6FFFFEB0100A0E309
:100BA0001A0500EB0010A0E30100A0E1C1FFFFEB7C
:100BB0000100A0E3C3FFFFEB64029FE50010D0E556
:100BC0001000A0E3BBFFFFEB54029FE50110D0E54E
:100BD0001100A0E3B7FFFFEB44029FE50210D0E550
:100BE0001200A0E3B3FFFFEB34029FE50310D0E552
:100BF0001300A0E3AFFFFFEB24029FE50410D0E554
:100C00001400A0E3ABFFFFEB14029FE50510D0E555
:100C10001500A0E3A7FFFFEBFF10A0E31600A0E381
:100C2000A4FFFFEBFF10A0E31700A0E3A1FFFFEB81
:100C3000FF10A0E31800A0E39EFFFFEBFF10A0E36E
:100C40001900A0E39BFFFFEBFF10A0E31A00A0E355
:100C500098FFFFEBFF10A0E31B00A0E395FFFFEB65
:100C6000FF10A0E31C00A0E392FFFFEBFF10A0E346
:100C70001D00A0E38FFFFFEB8110A0E3FF00A0E3C6
:100C80008CFFFFEB3110A0E30500A0E389FFFFEB31
:100C90002800A0E38BFFFFEB0020A0E12900A0E3E8
:100CA00088FFFFEB000482E078119FE5000081E5FA
:100CB0002A00A0E383FFFFEB0020A0E12B00A0E3CC
:100CC00080FFFFEB000482E05C119FE5000081E5FE
:100CD000FE00A0E37BFFFFEB50119FE5000081E5E4
:100CE0001040BDE81EFF2FE1F0402DE90030A0E1EB
:100CF000047083E2B050D3E1F800A0E37CFFFFEB87
:100D0000010085E2A01F80E0C110A0E10168C1E3FD
:100D10000040A0E3050000EA841087E0B000D1E1C4
:100D200070FFFFEB010084E20048A0E12448A0E14D
:100D3000060054E1F7FFFFBA0000A0E10200A0E3C3
:100D400060FFFFEB010000E2000050E3FAFFFF1A32
:100D50000508A0E1201CA0E1FD00A0E355FFFFEB8A
:100D6000FF1005E2FC00A0E352FFFFEB0110A0E33F
:100D70000200A0E34FFFFFEBF040BDE81EFF2FE1B4
:100D8000F0412DE9F000A0E34EFFFFEBFF0000E291
:100D9000010050E30100000AF041BDE81EFF2FE111
:100DA000F200A0E352FFFFEB4BFFFFEB008BA0E153
:100DB000288BA0E148FFFFEB0088A0E12888A0E194
:100DC000010088E2A01F80E0C110A0E10168C1E33A
:100DD0008600A0E1031200EB0050A0E1047085E260
:100DE0000040A0E3050000EA3BFFFFEB841087E032
:100DF000B000C1E1010084E20048A0E12448A0E184
:100E0000060054E1F7FFFFBA0110A0E3FE00A0E3E3
:100E100028FFFFEB0500A0E1472000EB0000A0E168
:100E2000DCFFFFEA790000405C0000406000004009
:100E3000640000400010A0E10000A0E1C8009FE5B0
:100E40001400D0E5200000E2000050E3FAFFFF0AA2
:100E5000FF0001E2B0209FE50000C2E51EFF2FE188
:100E60000000A0E1A0009FE51400D0E5010000E231
:100E7000000050E3FAFFFF0A8C009FE50000D0E578
:100E80001EFF2FE104E02DE5F4FFFFEB04E09DE4FD
:100E90001EFF2FE104E02DE50030A0E10300A0E1FA
:100EA000E3FFFFEB030050E10200001A0100A0E3A2
:100EB00004E09DE41EFF2FE10000A0E3FBFFFFEA3A
:100EC00044009FE51400D0E5200000E2A002A0E16C
:100ED0001EFF2FE18300A0E32C109FE50C00C1E56D
:100EE0006100A0E30000C1E50000A0E30400C1E54B
:100EF0000300A0E30C00C1E50700A0E30800C1E582
:100F00008000A0E33000C1E51EFF2FE1000001E0FA
:100F1000FC472DE908039FE5C21F8FE2002090E502
:100F200014039FE5FC0700EBFF4000E2F0029FE5A1
:100F3000000090E5000050E31000001AFC129FE54D
:100F4000DC329FE5003093E5032191E7E8129FE54D
:100F5000040081E0BA1F8FE2EF0700EB040080E09D
:100F6000FF4000E2B8029FE5000090E5010080E24A
:100F7000AC129FE5000081E5FC47BDE81EFF2FE1B4
:100F80009C029FE5000090E5010050E30F00001A6D
:100F9000A8129FE588329FE5003093E5032191E791
:100FA00094129FE5040081E0A51F8FE2DA0700EBB1
:100FB000040080E0FF4000E264029FE5000090E54D
:100FC000010080E258129FE5000081E5E9FFFFEA99
:100FD0004C029FE5000090E5050050E31200001A66
:100FE00058129FE538C29FE500C09CE50C3191E79F
:100FF0002CC29FE500C09CE50C2191E738129FE5CB
:10100000040081E0931F8FE2C30700EB040080E03F
:10101000FF4000E208029FE5000090E5010080E249
:10102000FC119FE5000081E5D2FFFFEAF0019FE59A
:10103000000090E5060050E31200001AFC119FE545
:10104000DCC19FE500C09CE50C3191E7D0C19FE574
:1010500000C09CE50C2191E7DC119FE5040081E0D4
:101060001F1E8FE2AC0700EB040080E0FF4000E2AF
:10107000AC019FE5000090E5010080E2A0119FE532
:10108000000081E5BBFFFFEA94019FE5000090E5C9
:10109000070050E30F00001AA0119FE580319FE583
:1010A000003093E5032191E78C119FE5040081E076
:1010B000631F8FE2980700EB040080E0FF4000E22E
:1010C0005C019FE5000090E5010080E250119FE582
:1010D000000081E5A7FFFFEA44019FE5000090E5DD
:1010E000080050E30F00001A50119FE530319FE5D2
:1010F000003093E5032191E73C119FE5040081E076
:101100004F1F8FE2840700EB040080E0FF4000E205
:101110000C019FE5000090E5010080E200119FE5D1
:10112000000081E593FFFFEAF4009FE5000090E5F1
:10113000090050E31700001A00019FE5E0109FE549
:10114000001091E5019190E7FF0009E20918A0E184
:10115000211CA0E100108DE50914A0E1213CA0E1D3
:10116000292CA0E1D0109FE504008DE5040081E06A
:10117000F8108FE2680700EB040080E0FF4000E217
:101180009C009FE5000090E5010080E290109FE543
:10119000000081E577FFFFEA84009FE5000090E50D
:1011A0001B0050E33C00003A74009FE5000090E50E
:1011B000220050E33800008A80109FE560209FE500
:1011C000002092E5020191E78C2600EB0070A0E17F
:1011D0000020A0E3AC309FE5BA2500EB0050A0E171
:1011E000962500EB00A0A0E10A00A0E1022700EB99
:1011F0000050A0E10130A0E13C109FE5040081E037
:101200000520A0E180108FE2430700EB10009FE56E
:10121000000090E5010080E204109FE5000081E5F8
:1012200054FFFFEA6C0200403C74723E3C74643E22
:1012300025753C2F74643E3C74643E006E2D004066
:10124000582600403078253038583C2F74643E3C96
:101250002F74723E00000000257528307825303844
:1012600058293C2F74643E3C2F74723E00000000ED
:1012700025642E25642E25642E25643C2F74643E3F
:101280003C2F74723E0000000000594025302E3281
:10129000663C2F74643E3C2F74723E0064101FE560
:1012A00084301FE5003093E5032191E778101FE5B6
:1012B000040081E02F1E8FE2170700EBA0001FE55E
:1012C000000090E5010080E2AC101FE5000081E520
:1012D0000000A0E127FFFFEA70402DE90040A0E1F7
:1012E0000160A0E10050A0E3030000EA0510A0E1C6
:1012F000015085E20100D4E7F40600EB0500D4E7D5
:10130000000050E3F8FFFF1A0000A0E3F0101FE513
:10131000000081E5A0129FE50000C1E5A71F8FE254
:101320000400A0E16F0800EB000050E30200001A87
:1013300094029FE57040BDE81EFF2FE1A31F8FE2DE
:101340000400A0E1670800EB000050E30400001A6D
:101350000000A0E37C129FE5000081E578029FE594
:10136000F3FFFFEA9D1F8FE20400A0E15D0800EBA0
:10137000000050E30100001A70029FE5ECFFFFEA55
:101380009B1F8FE20400A0E1560800EB000050E331
:101390000100001A68029FE5E5FFFFEA991F8FE24E
:1013A0000400A0E14F0800EB000050E30100001A28
:1013B00058029FE5DEFFFFEA951F8FE20400A0E1DF
:1013C000480800EB000050E30100001A48029FE5C6
:1013D000D7FFFFEA0000A0E3D5FFFFEAF0472DE9C1
:1013E0000050A0E10170A0E10260A0E10390A0E143
:1013F000D4019FE5000055E11C00001A0040A0E365
:10140000160000EAE8011FE5000090E5F0111FE575
:10141000001091E5011081E2FC211FE5001082E53A
:10142000F8119FE50000D1E7F4119FE50000C1E548
:10143000000081E20000D0E50400C7E7000081E27F
:101440000000D0E5000050E30300001A040046E06D
:10145000020180E3F047BDE81EFF2FE1014084E276
:10146000060054E1E6FFFF3A0000A0E3F8FFFFEAC0
:101470008C019FE5000055E11B00001A44821FE526
:101480000040A0E3140000EA6C021FE5000090E5B4
:1014900074121FE5001091E5011081E280221FE522
:1014A000001082E50000D8E70400C7E774021FE5DA
:1014B000080090E5010080E20001A0E1001082E256
:1014C000001091E5010050E10200002A040046E00E
:1014D000020180E3DEFFFFEA014084E2060054E1FE
:1014E000E8FFFF3A0000A0E3D9FFFFEAFC009FE518
:1014F000000055E10500000A020080E2000055E10D
:101500000200000AC00680E1000055E19500001AC3
:10151000F4021FE5000090E5000050E30300001A0C
:101520000000A0E3F8109FE50000C1E53E0000EADE
:101530000040A0E30F0000EAE8009FE5000090E50E
:10154000E0109FE5001091E5011081E2D4209FE5B5
:10155000001082E520131FE50010D1E70400A0E190
:10156000014084E20010C7E7060054E10100003AA0
:101570000000A0E3B6FFFFEA44031FE5A4109FE5C7
:10158000001091E50100D0E7000050E3E9FFFF1AE9
:101590008C009FE50000D0E5000050E32200000A27
:1015A000040046E0020180E3A9FFFFEA25753C2F15
:1015B00074643E3C2F74723E0000000074010040D1
:1015C000636F6D6D616E642E74787400048000002A
:1015D0006C6F672E747874008402004005800000F0
:1015E00073657474696E67732E68746D0000000013
:1015F0000680000073657474696E67732E62696E8D
:10160000000000000780000072616D2E68746D009C
:101610000C80000072616D2E62696E000D8000000A
:10162000EE2C004068000040A80200404C0000EA98
:1016300048001FE5000055E10A00001A04041FE5F8
:10164000080090E528141FE5001091E5010050E125
:101650000300002A0100A0E33C101FE50000C1E5E3
:10166000000000EA29FEFFEBF8019FE5000055E1CC
:101670000E00001A3C041FE5180090E560141FE5F9
:10168000001091E5010050E10300008A0100A0E391
:1016900074101FE50000C1E5040000EA80041FE5A6
:1016A000000090E5010080E28C141FE5000081E558
:1016B000A8001FE5000055E10800001A84041FE59A
:1016C000180090E5A8141FE5001091E5010050E115
:1016D0000200008A0100A0E3BC101FE50000C1E584
:1016E0000000A0E3C4101FE5000081E50F0000EA40
:1016F000D0001FE5000090E5D8101FE5001091E52F
:10170000011081E2E4201FE5001082E5D8141FE5F6
:101710000010D1E70400A0E1014084E20010C7E717
:10172000060054E10100003A0000A0E348FFFFEA90
:10173000FC041FE514111FE5001091E50100D0E73E
:10174000000050E3E9FFFF1A2C011FE50000D0E57F
:10175000000050E30200000A040046E0020180E3BA
:101760003BFFFFEAB1FFFFEA0201A0E338FFFFEA17
:10177000F0012DE900C0A0E10140A0E10350A0E18B
:1017800084011FE500005CE11E00001A54351FE5CE
:101790000010A0E3140000EA0100D4E780651FE513
:1017A000006096E588751FE5007097E5017087E297
:1017B00094851FE5007088E50600C3E784051FE5F2
:1017C000080090E5010080E20001A0E1006088E2ED
:1017D000006096E5060050E10200002A0000E0E308
:1017E000F001BDE81EFF2FE1011081E2020051E18E
:1017F000E8FFFF3A0100A0E344621FE50000C6E5F0
:101800000000A0E3F5FFFFEA0000E0E3F3FFFFEADA
:101810000010A0E118021FE5000051E10600001AC7
:101820006C021FE50000D0E5000050E30200000A52
:101830000000A0E380221FE50000C2E528021FE5AA
:10184000000051E10500001A8104A0E314261FE501
:10185000140082E538061FE5000090E5180082E5D7
:101860000000A0E31EFF2FE1088000007847C0467B
:1018700010402DE90040A0E10400A0E16CFDFFEB69
:101880001040BDE81EFF2FE170402DE90050A0E19F
:101890000160A0E1751F8FE20500A0E1110700EBD8
:1018A000000050E30200001AC8019FE57040BDE847
:1018B0001EFF2FE1071D8FE20500A0E1090700EBE5
:1018C000000050E30100001AB4019FE5F6FFFFEAB3
:1018D0001B1E8FE20500A0E1020700EB000050E3B1
:1018E0000100001AA4019FE5EFFFFFEA0610A0E146
:1018F0000500A0E177FEFFEB0040A0E1020954E300
:10190000010000DA0400A0E1E7FFFFEA0610A0E111
:101910000500A0E1A80E00EBE3FFFFEA10402DE96F
:101920000040A0E158019FE5000054E10400001AC6
:101930005C019FE5390600EB0000A0E31040BDE824
:101940001EFF2FE1020954E3020000DA0400A0E1C7
:10195000AEFFFFEBF8FFFFEA0400A0E1560E00EB3C
:10196000F5FFFFEAF0412DE90040A0E10150A0E1C0
:101970000260A0E10370A0E104019FE5000054E1D2
:101980000800001A020000EA0100D5E428FDFFEB80
:10199000016046E2000056E3FAFFFF1A0000A0E3F0
:1019A000F041BDE81EFF2FE1020954E3050000DA13
:1019B0000730A0E10620A0E10510A0E10400A0E1AD
:1019C0006AFFFFEBF5FFFFEA0620A0E10510A0E1AA
:1019D0000400A0E1E50E00EBF0FFFFEAF0472DE97F
:1019E0000050A0E10160A0E10270A0E10390A0E13D
:1019F00080009FE5000055E10F00001A0040A0E3C1
:101A0000090000EA15FDFFEBFF8000E21B0058E330
:101A10000300001A040047E0020180E3F047BDE83C
:101A20001EFF2FE10180C6E4014084E2070054E17B
:101A3000F3FFFF3A0000A0E3F7FFFFEA020955E3D6
:101A4000050000DA0930A0E10720A0E10610A0E1BE
:101A50000500A0E160FEFFEBEFFFFFEA0720A0E139
:101A60000610A0E10500A0E18D0E00EBEAFFFFEA01
:101A7000535444494E000000018000005354444F29
:101A80005554000002800000535444455252000057
:101A9000038000006C2F00400010A0E1020951E318
:101AA000040000DAAC009FE5000051E1010000AA4B
:101AB0000100A0E31EFF2FE10000A0E3FCFFFFEA0E
:101AC00070402DE90040A0E10150A0E1020954E37B
:101AD000020000DA0000E0E37040BDE81EFF2FE1E5
:101AE0000510A0E10400A0E1890E00EBF9FFFFEA78
:101AF00010402DE90040A0E1020954E3020000DAA1
:101B00000000E0E31040BDE81EFF2FE10400A0E16B
:101B1000000E00EBFAFFFFEA10402DE90040A0E1C3
:101B2000020954E3020000DA0000A0E31040BDE81F
:101B30001EFF2FE10400A0E10C0E00EBFAFFFFEA0C
:101B40000030A0E10100A0E31EFF2FE11EFF2FE106
:101B50000000A0E1FEFFFFEA048000007847C046D5
:101B6000070050E300F18F30140000EA050000EA9E
:101B7000060000EA070000EA080000EA090000EA9F
:101B80000A0000EA0B0000EA0000A0E10B0000EAF6
:101B90000000A0E1090000EA0000A0E1070000EA5F
:101BA0000000A0E1050000EA0000A0E1030000EA57
:101BB0000000A0E1010000EA0000A0E10000A0E1B7
:101BC0000000A0E10000A0E1FEFFFFEA45C08FE2B7
:101BD0001CFF2FE110B504F03FFC07F021FB06F0DD
:101BE000A7F805F013FE08F0C3FB07F07BFC03F039
:101BF0007DFF10BC08BC184710B504F049FC07F085
:101C00008DFB06F09BF805F073FE07F03BFDF0E757
:101C1000002070477047C0467047C046002070479C
:101C20000020704710B5324906F026FA10BC08BCF7
:101C3000184710B52E4906F0AFFBF7E710B52C4B4F
:101C400006F07AFBF2E710B5294B06F0B3FBEDE79F
:101C500010B5274906F03AFBE8E710B5244A06F02C
:101C6000F1F9E3E7224808217438C1602149204A8C
:101C700081602149416021499160002141610182D7
:101C800070470020704700207047002070470020F8
:101C900070470020704700207047002070470020E8
:101CA0007047002070470020704700207047704741
:101CB00000207047002070470020704700207047C8
:101CC00001207047012070470020704700207047B6
:101CD0000020704701207047FF20704701207047A7
:101CE0000020704701207047002070470120704796
:101CF0009415008120010081BCB10000DCB100001E
:101D0000F4089FE5100090E5A019A0E13F0001E272
:101D10000010A0E11EFF2FE104D04DE2DC089FE59A
:101D20000200D0E50000CDE5D4089FE50000D0E535
:101D3000010000E2000050E30200000A00009DE5FF
:101D400000008DE5020000EA00009DE5EF0000E2E2
:101D500000008DE500009DE50008A0E12008A0E15D
:101D600004D08DE21EFF2FE104D04DE28C089FE5E8
:101D70000300D0E50000CDE500009DE500008DE505
:101D800080089FE50000D0E5310050E33C00000AE8
:101D9000320050E31D00000A340050E35500001AE1
:101DA00064089FE50000D0E5800080E05C189FE5B6
:101DB000800081E00200D0E5010050E30900000A44
:101DC00000009DE5070000E2070050E30E00001A46
:101DD0000000A0E328189FE5B000C1E130189FE59E
:101DE0000000C1E5080000EA00009DE5040000E2F3
:101DF000040050E30400001A0000A0E300189FE56F
:101E0000B000C1E108189FE50000C1E53B0000EA11
:101E10000000A0E1F0079FE50000D0E5800080E031
:101E2000E8179FE5800081E00200D0E5010050E363
:101E30000900000A00009DE5380000E2380050E388
:101E40000E00001A0000A0E3B4179FE5B000C1E146
:101E5000BC179FE50000C1E5080000EA00009DE511
:101E6000200000E2200050E30400001A0000A0E37C
:101E70008C179FE5B000C1E194179FE50000C1E514
:101E80001E0000EA0000A0E17C079FE50000D0E50D
:101E9000800080E074179FE5800081E00200D0E5BB
:101EA000010050E30900000A00009DE5380000E24F
:101EB000000050E30E00001A0000A0E340179FE569
:101EC000B000C1E148179FE50000C1E5080000EA45
:101ED00000009DE5200000E2000050E30400001A2D
:101EE0000000A0E318179FE5B000C1E120179FE5AF
:101EF0000000C1E5010000EA0000A0E10000A0E14F
:101F00000000A0E100009DE50008A0E12008A0E19C
:101F100004D08DE21EFF2FE1011000E2000051E32A
:101F20000F00000A021BA0E3CC269FE50C1082E5FF
:101F3000E0169FE50010D1E5011081E3D4269FE56E
:101F40000010C2E50010A0E3CC269FE50010C2E51A
:101F5000C8269FE5001082E5C4269FE5001082E5B3
:101F6000020000EA021BA0E38C269FE5041082E534
:101F70001EFF2FE110402DE9A8069FE50000D0E5E7
:101F8000A4169FE50700C1E598069FE50100D0E58E
:101F90000600C1E58C069FE50200D0E50500C1E51D
:101FA00080069FE50300D0E50400C1E574069FE5C7
:101FB0000400D0E50300C1E568069FE50500D0E513
:101FC0000200C1E55C069FE50600D0E50100C1E521
:101FD00050069FE50700D0E50000C1E50420A0E31E
:101FE00048069FE5C90400EB0420A0E340169FE5E6
:101FF00040069FE5C50400EB1040BDE81EFF2FE141
:1020000034169FE534269FE5B010C2E11EFF2FE194
:1020100004E02DE50030A0E10300A0E1F7FFFFEBB5
:102020000000A0E114069FE5B000D0E10C169FE58A
:10203000B010D1E1011041E200269FE5B010C2E1ED
:10204000000050E3F6FFFF1A04E09DE41EFF2FE1BD
:10205000EC059FE50000A0E1011040E2000051E224
:10206000FCFFFF1A1EFF2FE110402DE9D4059FE56C
:10207000000090E5010000E2000050E32600000AA5
:102080000100A0E3BC159FE5000081E5B8059FE5D0
:10209000000090E5010050E31300001AAC059FE535
:1020A000B000D0E1030050E30C00000AE7FFFFEBB3
:1020B0009C159FE594259FE5B020D2E10200D1E771
:1020C0005BFBFFEB84059FE5B000D0E1010080E2FF
:1020D0000108C0E374159FE5B000C1E1020000EA09
:1020E0000000A0E360159FE5000081E524059FE561
:1020F0000000D0E5040000E2000050E30500000A03
:102100003C0200EB0C059FE50000D0E50400C0E3B5
:1021100000159FE50000C1E58D2000EB1040BDE8F3
:102120001EFF2FE12C059FE50000D0E5000050E3E5
:102130000900000A0300A0E318159FE50000C1E5AF
:10214000D0049FE50000D0E5020080E3C4149FE5C1
:102150000000C1E50000A0E3D00F00E51EFF2FE165
:1021600003002DE90200A0E3EC149FE54001C1E566
:102170000000A0E3D00F00E50300BDE804F05EE23C
:1021800003002DE9FF00A0E3D0149FE5000081E5E6
:102190000000A0E3D00F00E50300BDE804F05EE21C
:1021A00003002DE9FF00A0E3B4149FE5000081E5E2
:1021B0000000A0E3D00F00E5EC0F10E5100080E375
:1021C0000010A0E3EC0F01E50300BDE804F05EE2BF
:1021D00010402DE98C049FE50000D0E5200000E2CE
:1021E000000050E31C00000A5C049FE5000090E53D
:1021F000000050E31800001A04049FE50000D0E539
:102200000C149FE50000C1E50000A0E358149FE511
:10221000000081E554149FE5000081E58BFFFFEB92
:1022200040049FE50000D0E5100080E334149FE5F2
:102230000000C1E538149FE52C249FE5002092E5BD
:102240000200D1E7FAFAFFEB18049FE50000D0E5A1
:102250002000C0E30C149FE50000C1E514049FE5D5
:102260001400D0E5200000E2000050E30200000A64
:102270000100A0E3FC139FE50400C1E594039FE582
:102280000000D0E5020000E2000050E32C00000A4C
:102290000040A0E3040000EADC139FE5001091E594
:1022A0000400D1E7E2FAFFEB014084E20B0054E3C3
:1022B000F8FFFFBA58039FE50000D0E5000050E3A7
:1022C0000D00000A38039FE5B000D0E1010040E2B4
:1022D0000008A0E12008A0E124139FE5B000C1E1BF
:1022E000000050E30400001A0000A0E320139FE563
:1022F0000000C1E508139FE5B000C1E17C039FE544
:10230000B000D0E1000050E30A00000A6C039FE532
:10231000B000D0E1010040E20008A0E12008A0E107
:1023200058139FE5B000C1E1000050E30100001A1E
:102330000B00A0E3B000C1E10000A0E340139FE563
:10234000000081E51040BDE81EFF2FE10100A0E381
:1023500004139FE50001C1E58300A0E31F1841E2DB
:102360000C00C1E52000A0E30000C1E50300A0E3EC
:102370000C00C1E58300A0E3011981E20C00C1E576
:102380004000A0E30000C1E50000A0E30400C1E5B7
:102390000300A0E30C00C1E50100A0E30400C1E5D7
:1023A0000000A0E3F40F10E58000C0E30010A0E3FC
:1023B000F40F01E5CC029FE5F40E01E50000A0E377
:1023C000F00F10E5800080E3F00F01E52700A0E3A7
:1023D000F40D01E50100A0E368129FE5040081E52A
:1023E0000300A0E3140081E59C029FE5180081E54D
:1023F00098029FE5091981E2000081E590029FE5BE
:10240000040081E58C029FE5140081E588029FE5C8
:102410004013C1E1080081E5020B40E2040081E5C0
:1024200078029FE5180081E5C002C1E11C0090E53B
:102430000F0880E31C0081E50100A0E1380090E571
:10244000010480E3380081E50100A0E1340090E55B
:10245000010480E3340081E50100A0E1380090E54B
:10246000010280E3380081E50102A0E3340081E548
:102470000000C1E1380090E5020280E3380081E508
:102480000202A0E3340081E514029FE5751981E2A0
:10249000C40081E50000A0E30001C1E54C01C1E5F5
:1024A0000200A0E30001C1E50000A0E30001C1E5D6
:1024B0000200A0E34801C1E50001C1E50100A0E37D
:1024C0000001C1E5DB0F4FE20010A0E3000F01E5C2
:1024D0000200A0E380119FE54001C1E52F00A0E3C9
:1024E0000010A0E3000E01E50000A0E3F40F10E5EA
:1024F000010CC0E3F40F01E5010CA0E3F00F01E5CE
:102500002800A0E3FC0D01E598019FE5FC0E01E524
:102510000300A0E344119FE50C0081E5140081E570
:102520000000A0E34C0081E50200A0E3040081E587
:1025300074019FE5011881E2B008C1E10000A0E349
:10254000B408C1E10300A0E30000C1E5FF00A0E37F
:102550001000C1E554019FE5BC03C1E10200A0E306
:102560003800C1E51D00A0E32C00C1E51700A0E381
:102570002800C1E53900A0E32400C1E53B00A0E349
:102580002000C1E53C00A0E3B403C1E10000A0E3EA
:102590003000C1E50200A0E30800C1E50100A0E3AE
:1025A0000800C1E50C00C1E50300A0E30000C1E59F
:1025B00000000FE18000C0E300F021E10600A0E38D
:1025C0008017C1E1280081E50000A0E3F40F10E5C9
:1025D0001000C0E30010A0E3F40F01E52400A0E325
:1025E000F80D01E5C8009FE5F80E01E50000A0E345
:1025F000C0109FE50000C1E51EFF2FE1008002E052
:10260000442C004080000040A101004082000040B6
:1026100028260040A50100407C0100405F020040E8
:10262000AC020040B00200409B000040830000402C
:102630001C2B004087000040202B0040D1070000E9
:102640006A010040B80B0000008000E00400004078
:10265000680200405C020040004002E000C01FE051
:10266000004001E0004000E07E01004070020040B8
:102670007402004090010040000001E04000004072
:10268000A60100408C010040A02A0000FFFF590075
:10269000C5550500A80240002469000D80EC1071AA
:1026A00003000F023E1F000080210000070700000A
:1026B000DC070000A02100007F010040F4019FE53D
:1026C000F4119FE5C40081E5750941E2080090E539
:1026D000010680E3751941E2080081E50106A0E3E7
:1026E000040081E5400381E1040090E5FF0FC0E3B1
:1026F000AA0F80E3011981E2040081E52000A0E334
:10270000801481E0B000C1E10800A0E30C00C1E545
:102710000100A0E31EFF2FE1A0019FE5080090E566
:102720000106C0E394119FE5080081E5010981E2FB
:10273000040090E5FF0FC0E3011981E2040081E588
:102740000100A0E31EFF2FE10010A0E170019FE552
:10275000B810C0E10000A0E164019FE50400D0E5ED
:10276000800000E2000050E3FAFFFF0A50019FE5FD
:10277000B800D0E1FF0000E21EFF2FE10020A0E141
:102780000130A0E10010A0E30B0000EA0100D2E755
:102790002CC19FE5B800CCE10000A0E120019FE53D
:1027A0000400D0E5800000E2000050E3FAFFFF0AD9
:1027B0000C019FE5B800D0E1011081E2030051E176
:1027C000F1FFFF3A0100A0E31EFF2FE10020A0E18E
:1027D0000130A0E10010A0E30C0000EAFF00A0E33C
:1027E000DCC09FE5B800CCE10000A0E1D0009FE58F
:1027F0000400D0E5800000E2000050E3FAFFFF0A89
:10280000BC009FE5B800D0E10100C2E7011081E201
:10281000030051E1F0FFFF3A0100A0E31EFF2FE1AA
:1028200070402DE90050A0E1E60C85E2650080E2F1
:102830000510A0E15B0800EB0040A0E1000054E3BC
:102840000000001A0240A0E3010004E2000050E38F
:102850000000000A014084E2FE0054E30000009AF8
:10286000FE40A0E30800A0E354109FE50C00C1E582
:102870000100A0E37040BDE81EFF2FE10010A0E1C1
:10288000000051E30300000A0104A0E32C209FE5AF
:10289000340082E5020000EA0104A0E31C209FE569
:1028A0003C0082E50100A0E31EFF2FE10000A0E351
:1028B0000100A0E31EFF2FE1BEFF210000C01FE0CA
:1028C000008002E0000003E02A00A0E378119FE509
:1028D0000000C1E574019FE5000090E5050050E3AC
:1028E0000200002A4100A0E30100C1E5020000EA65
:1028F0004200A0E350119FE50100C1E550019FE5B2
:10290000000090E5010080E244119FE5000081E5B0
:10291000060050E30100001A0100A0E3000081E579
:102920002C019FE50000D0E5300080E218119FE502
:102930000200C1E50100A0E318119FE5000081E558
:1029400014119FE5000081E54900A0E30C119FE50B
:102950000000C1E54D00A0E30100C1E54B00A0E38C
:102960000200C1E50D00A0E30300C1E50400A0E3FF
:10297000EC109FE5000081E50000A0E3E4109FE576
:10298000B000C1E10B00A0E3DC109FE50000C1E551
:10299000B8009FE5000090E5010080E2AC109FE5E3
:1029A000000081E50A0050E30400001ABC009FE526
:1029B0000000D0E50100C0E3B0109FE50000C1E5D4
:1029C000A8009FE50000D0E50800C0E39C109FE54B
:1029D0000000C1E598009FE50000D0E5200080E3FD
:1029E0008C109FE50000C1E50100A0E384109FE585
:1029F000000081E51EFF2FE15300A0E35C109FE57E
:102A00000000C1E54C00A0E30100C1E55000A0E3D7
:102A10000200C1E50D00A0E30300C1E50400A0E34E
:102A20003C109FE5000081E50000A0E324109FE535
:102A3000000081E538009FE50000D0E5200080E33C
:102A40002C109FE50000C1E51EFF2FE15C02004055
:102A5000AC020040B0020040000000400400004012
:102A600090010040B4020040680200408001004034
:102A70007C0100407E0100408C0100400000A0E18C
:102A8000F4039FE51400D0E5010000E2000050E3EC
:102A9000FAFFFF0AE0039FE50000D0E51EFF2FE1EB
:102AA0000F502DE9D0339FE50830D3E5040053E300
:102AB0003800001AF0FFFFEBC0339FE50030D3E58C
:102AC000010053E32400001AB4339FE5B4C39FE52B
:102AD00000C0DCE50C00C3E7A8339FE50030D3E578
:102AE000013083E2FF3003E298C39FE50030CCE57C
:102AF0000B0053E31700001A0020A0E30030A0E30E
:102B000078C39FE50030CCE578C39FE50030CCE585
:102B10000210A0E3040000EA64339FE50130D3E72C
:102B2000032022E0013081E2FF1003E20A0051E3BA
:102B3000F8FFFFBA48339FE50A30D3E5020053E1BE
:102B40000400001A40339FE50030D3E5403083E3B2
:102B500034C39FE50030CCE50F0000EAAA0050E343
:102B60000C00001A18339FE518C39FE500C0DCE590
:102B70000C00C3E70130A0E300C39FE50030CCE5C3
:102B800000339FE50030D3E5013083E2F4C29FE5D6
:102B90000030CCE5000000EA0000A0E10030A0E336
:102BA000D03F03E50F50BDE804F05EE20010A0E165
:102BB0000000A0E1C0029FE51400D0E5200000E283
:102BC000000050E3FAFFFF0AFF0001E2A8229FE5A0
:102BD0000000C2E51EFF2FE1F0412DE90050A0E307
:102BE0009C029FE50400D0E5060050E300F18F3021
:102BF000870000EA860000EA030000EA1C0000EA01
:102C0000350000EA4E0000EA670000EA0000A0E19B
:102C100078129FE578029FE5000090E58F2000EB99
:102C20006C129FE5000081E5000081E2000090E564
:102C3000712000EB0060A0E10020A0E354329FE58A
:102C40004A2000EB0200008A4C029FE540129FE5FB
:102C5000000081E50420A0E334129FE53C029FE5DB
:102C6000AA0100EB0100A0E334129FE50400C1E5D6
:102C7000690000EA0000A0E1FE15A0E324029FE540
:102C8000000090E5752000EB18129FE5000081E53B
:102C9000000081E2000090E5572000EB0060A0E119
:102CA0000020A0E300329FE5302000EB0200008A04
:102CB000F8019FE5EC119FE5000081E50420A0E309
:102CC000E0119FE5D4019FE5900100EB0200A0E335
:102CD000CC119FE50400C1E54F0000EA0000A0E12F
:102CE000FE15A0E3C8019FE5000090E55B2000EB26
:102CF000BC119FE5000081E5000081E2000090E545
:102D00003D2000EB0060A0E10020A0E3A4319FE59E
:102D1000162000EB0200008A9C019FE590119FE5C0
:102D2000000081E50420A0E384119FE56C019FE58C
:102D3000760100EB0300A0E364119FE50400C1E508
:102D4000350000EA0000A0E10111A0E36C019FE55D
:102D5000000090E5412000EB60119FE5000081E557
:102D6000000081E2000090E5232000EB0060A0E17C
:102D70000020A0E348319FE5FC1F00EB0200008A21
:102D80000000A0E334119FE5000081E50420A0E3EA
:102D900028119FE504019FE55C0100EB0400A0E31E
:102DA000FC109FE50400C1E51B0000EA0000A0E163
:102DB000FE15A0E30C019FE5000090E5272000EB45
:102DC00000119FE5000081E5000081E2000090E530
:102DD000092000EB0060A0E10020A0E3C8309FE5DF
:102DE000E21F00EB0200008AFE05A0E3D4109FE57D
:102DF000000081E50420A0E3C8109FE59C009FE54A
:102E0000420100EB0500A0E394109FE50400C1E53A
:102E1000010000EA0000A0E10000A0E10000A0E144
:102E2000AA00A0E360FFFFEB5500A0E35EFFFFEB0D
:102E30000240A0E3070000EA64109FE50400D1E728
:102E400059FFFFEB58009FE50400D0E7005025E054
:102E5000010084E2FF4000E20A0054E3F5FFFFBAFC
:102E60003C009FE50A50C0E5001080E20A00D1E571
:102E70004DFFFFEBF041BDE81EFF2FE1000001E038
:102E8000B8020040EE2D0040B90200407D01004034
:102E90000000A0404002004000408F400000C842B7
:102EA000C0020040BA020040440200400000594005
:102EB0000000C8C24802004000C058400000204145
:102EC0004C02004000707640500200401EFF2FE18F
:102ED00001C08FE21CFF2FE110B5040000F068FC78
:102EE0000068005DC00604D52000203010BC08BC7E
:102EF00018472000FAE7000001C08FE21CFF2FE115
:102F00000FB4054910B503AA029800F0EBFE10BCFF
:102F100008BC04B0184700006C2F004001C08FE2CD
:102F20001CFF2FE10FB41CB5084B06AA7B44694671
:102F30000090059800F0BDFE04006946002000F0F6
:102F4000CBFE20001CBC08BC04B01847A90D000033
:102F500070B5856904000068C10601D5302600E01F
:102F60002026C0070AD070BC08BC18476268A16858
:102F7000300002F077F9206A401C20626D1EF5D502
:102F8000F1E770B5856904000078C00708D1EAE769
:102F90006268A168202002F065F9206A401C206266
:102FA0006D1EF5D5DFE7000001C08FE21CFF2FE1A9
:102FB000F7B5002575291068009915A611D0C046EF
:102FC000C046002802DA404212A608E000990968CB
:102FD0008A0701D510A602E0490704D50FA60125EE
:102FE00001E0C046C046009F0024243704E001F001
:102FF0002BF830313955641C0028F8D100982B008B
:103000003200210000F0E2FBFEBC08BC18470000C3
:10301000000000002D0000002B0000002000000038
:1030200001C08FE21CFF2FE170B504000D00106895
:103030002100C046C0462188090502D5104A7A44BD
:1030400002E00F4A7A440E3200212300243305E0C7
:1030500006070009360F965D5E54491C0028F7D11B
:1030600020780023000705D5702D03D0002901D05A
:1030700002231132200000F0A9FB70BC08BC1847E5
:103080008A860000F3B50400002081B02062E16868
:10309000200002F0E6F8002876D0252802D06268E9
:1030A000A168B1E05D4F00267F44E168200002F096
:1030B000D8F80500202808DB312D06D278192038F1
:1030C0000078002801D00643EFE7B00701D50420BF
:1030D00086430020E0610700A0612A2D0AD0280065
:1030E00002F07AFA002829D0B8000019303D00908B
:1030F00085611AE00298BA00121902C89161029023
:10310000E168200002F0ADF80500012F18D1E06958
:10311000002821DA202086431EE000980A218069D9
:1031200048430099401930388861E168200002F076
:1031300098F8050002F050FA0028EED1012F0BD0CC
:103140002E2D09D1E168200002F08BF80500202027
:1031500006437F1C022FC0DBA069002803DA40422F
:10316000A06101200643F00701D0102086436C2D9A
:103170000BD0682D09D04C2D3ED06A2D3AD0742D3D
:103180003AD07A2D38D018E043E0E1682F002000D3
:1031900002F067F80500B8420AD16C2F2AD001204E
:1031A00080020643E168200002F05BF8050004E0BD
:1031B0006C2F1DD0FF2001300643002D29D02800A0
:1031C0004138192803D80120C00206432035266063
:1031D000029A290020001600FDF716F8002810D0EA
:1031E00001280BD0F61DF008C000083002904EE711
:1031F0004020E1E78020D4E70020D2E7361D029688
:1032000045E76268A168280002F02CF8206A401C9B
:103210003CE7206AFEBC08BC184700004886000056
:103220003BC08FE21CFF2FE170B50400C06881072E
:1032300015D0800601D5A56A04E0A1696068401830
:103240002169451A200000F011FE06000022290025
:10325000200000F05DFD300070BC08BC1847002065
:10326000FAE770B5002802D0FFF7DEFFF4E700258B
:10327000074C6E1E08E02000FFF7D6FF002800D0A4
:103280003500206D44086400002CF4D12800E3E7E9
:10329000182F0040F7B505000E000020040000E0E4
:1032A000641C02998C420BD2285DFFF715FE0700C3
:1032B000305DFFF711FE381A02D1295D0029EFD1E8
:1032C000FEBC08BC1847000030B4441C03E0017881
:1032D000401C00290ED08107F9D10B4BDD0104C839
:1032E000D11A91432940FAD0001B0A0604D0C01E0F
:1032F00030BC7047001BFBE70A0401D0801EF7E7D3
:103300000902F5D0401EF3E7010101017847C046EC
:10331000030052E32A00009A03C010E20800000AEA
:103320000130D1E402005CE30C2082E001C0D194C2
:103330000130C0E40130D13401C0C094042042E225
:103340000130C034033011E22600000A042052E2AA
:103350001B00003A03C031E7020053E30800000AF3
:103360000F00008A2C34A0E104C0B1E5042052E231
:103370000C3C83E1043080E4F9FFFF2A011081E274
:103380000F0000EA2C38A0E104C0B1E5042052E2AD
:103390000C3883E1043080E4F9FFFF2A021081E257
:1033A000070000EA2C3CA0E104C0B1E5042052E291
:1033B0000C3483E1043080E4F9FFFF2A031081E23A
:1033C0000000A0E1822FB0E10130D12401C0D1245E
:1033D0000120D1440130C02401C0C0240120C044D8
:1033E0001EFF2FE17847C04610402DE9202052E211
:1033F0000500003A1850B1E8202052E21850A0E829
:103400001850B1E81850A0E8F9FFFF2A02CEB0E149
:103410001850B1281850A0281800B1481800A0482A
:103420001040BDE802CFB0E1043091240430802484
:103430001EFF2F01822FB0E1B230D1200120D144F4
:10344000B230C0200120C0441EFF2FE17847C046A3
:103450000020A0E3040051E30700003A03C010E29B
:103460000C00000A04C06CE202005CE30120C014FE
:103470000C1041E0B220C0A0060000EA81CFB0E10C
:103480000120C0240120C0240120C0441EFF2FE1E0
:103490007847C0460020A0E300402DE90230A0E1BB
:1034A00002C0A0E102E0A0E1201051E20C50A028EF
:1034B0000C50A02820105122FBFFFF2A011EB0E172
:1034C0000C50A0280C00A0480040BDE80111B0E15C
:1034D000042080241EFF2F01B220C040010111E30F
:1034E0000120C0141EFF2FE1012020E0030012E3A1
:1034F0002C00001A030010E31200000A0120D0E49F
:103500000130D1E4010052E3030052212F00001AE0
:10351000030010E30B00000A0120D0E40130D1E4E5
:10352000010052E3030052212800001A030010E3B7
:103530000400000A0120D0E40130D1E4010052E38C
:10354000030052212100001A00402DE984E09FE58C
:10355000042090E4043091E40EC042E002C0CCE1CB
:103560008EC31CE003005201F8FFFF0A0040BDE8D3
:10357000030CA0E1020C50E0FF0E1C030700001A30
:103580000308A0E1020850E0FF0C1C030300001A2E
:103590000304A0E1020450E0FF081C0302005300F2
:1035A0006000A0111EFF2FE10120D0E40130D1E422
:1035B000010052E3030052210400001A0120D0E46C
:1035C0000130D1E4010052E303005221F5FFFF0A6C
:1035D000030042E01EFF2FE1010101017847C046D0
:1035E0000120D0E50010D0E50230D0E50300D0E5A1
:1035F000021481E1031881E1000C81E11EFF2FE13B
:103600007847C0462024A0E10000C1E50120C1E5C3
:103610002028A0E10220C1E5202CA0E10320C1E583
:103620001EFF2FE17847C046013090E12100004A9B
:103630000020B0E3A03071E01A00003A203271E0BF
:103640000F00003A203471E00100003A00C0A0E30E
:10365000200000EAA03371E0810340200220B2E0A4
:10366000203371E0010340200220B2E0A03271E07B
:10367000810240200220B2E0203271E001024020AD
:103680000220B2E0A03171E0810140200220B2E0CE
:10369000203171E0010140200220B2E0A03071E051
:1036A000810040200220B2E0011050E00010A03163
:1036B0000200A2E01EFF2FE1022111E20010614290
:1036C00040C032E000006022203271E01D00003A6C
:1036D000203471E00F00003A0113A0E1203471E0C2
:1036E0003F2382E30B00003A0113A0E1203471E094
:1036F0003F2682E30700003A0113A0E1203471E085
:103700003F2982E30113A0213F2C8223003071E284
:103710001D00002A2113A021A03371E08103402065
:103720000220B2E0203371E0010340200220B2E029
:10373000A03271E0810240200220B2E0203271E02C
:10374000010240200220B2E0A03171E0810140205E
:103750000220B2E0203171E0010140200220B2E0FD
:10376000EBFFFF2AA03071E0810040200220B2E090
:10377000011050E00010A0310200A2E0CCCFB0E177
:1037800000006042001061221EFF2FE1CCCFB0E1AB
:103790000000604201402DE90000B0E30000A0E11C
:1037A0000240BDE81EFF2FE17047704770470000E0
:1037B0007847C04610402DE92F0200EB1040BDE8CD
:1037C000040090E21EFF2FE1D46F0000FFB504005B
:1037D00081B024300D0000902168880604D51022A5
:1037E000E0699143216000E00120A84201DD471B10
:1037F00000E000270498A1697A191018081AA0613E
:103800002078C00602D42000FFF7A2FB002609E0C2
:103810000398A1686268805D01F024FD206A401C65
:10382000761C206204988642F2DB2078C0060BD515
:103830002000FFF78DFB07E06268A168302001F0EF
:1038400011FD206A401C206238007F1E0028F3DC36
:1038500008E00098A1686268405D01F003FD206AFD
:10386000401C206228006D1E0028F2DC2000FFF7BB
:1038700088FB2078000604D5022005B0F0BC08BC07
:1038800018470120F9E700007047FFB50C008FB022
:103890001E0003CA08AA03C24F007D0D00D16D1E91
:1038A0000021080007F032FC0321099A890508402D
:1038B000002A03DA8200801840080840800D0128A1
:1038C0000A9002DD0020C0430A90089807430DD0FB
:1038D000F248F349281848430714189800281FD0C5
:1038E0007542291E1FDD0A9842421DE018980128E2
:1038F00002D00020302104E00020F24305E02154F2
:10390000401CB042FBDB30000022189B00212154F8
:103910000F990C1D09C40A6013B0F0BC08BC18470D
:10392000BD1B6D1CDDE70A9A002900DA69420BA86D
:1039300000F06EFC0BAB07CB03AB07C308990998EB
:1039400001F044F86B4607C30100D6480918002D62
:1039500000910BDDD34903980A9A4942401800238D
:1039600003A90390684601F0CDFA08E003990A9A8A
:103970000023081803A90390684601F0E1FA6B469A
:1039800007C3000403D00020C043410800E010003A
:10399000189A002A03D00022150000921EE0751E1E
:1039A00005D400F09BFB303262556D1EF9D5012223
:1039B0000843079602D000227F1C04E020783028BC
:1039C00001D100227F1E002A069786D01EE0112D0D
:1039D00007DA00F083FB303262556D1C02000A43A7
:1039E000F5D1084303D00098002819D00EE000213B
:1039F000681E05E0235C625C63542254401E491C2F
:103A00008142F7DBA81B06AA401E21C2079A18991B
:103A10000020A05406AA0F980CCA81600CC07BE756
:103A200011260020189058E7F0B5D21D0D00D108DE
:103A30000400C90093B003C90CAA03C201F024FC1E
:103A400002000D98C00F01D02D2007E020688107EB
:103A500001D52B2002E04007C00F4001032A0F9040
:103A600001D0072A05DB03002900200000F088FBB5
:103A700012E12078800601D5E76900E006272800DA
:103A8000652D04D0662814D0672D69D12DE0002063
:103A9000112F009001DB112300E07B1C0CAA03A96D
:103AA00010A8FFF7F2FE10A8002603C87D1C0E9197
:103AB00042E001203B00C0070B90012000900CAABF
:103AC00003A910A8FFF7E1FE10A9129822C9002649
:103AD00000280E9501D1781C0D18781B02D446429F
:103AE0007D1C761EE81B00903AE0012F00DA0127CA
:103AF0000020112F009001DD112300E03B000CAAF3
:103B000003A910A8FFF7C1FE10A8002603C83D00B6
:103B10000E91217809070BD40E99A94200DA0D0005
:103B200003A9012D04DD4A19203AD27F302A06D09C
:103B3000B84201DA011D04DA012100910FE06D1E87
:103B4000EFE7002802DC86192D1A03E0411CA94288
:103B500000DD0D00801B401C00900120C0070B9071
:103B60002078000705D40098A84202DB0020C0435B
:103B7000009069460020C8720B98012102AF0337FC
:103B8000C907884225D0022010902B2011900B9855
:103B900000280BDA40420B902D20119006E00B9884
:103BA00000F052FA30317F1E0B9039701099481E88
:103BB00000291090F3DC0B980028F0D111987F1E9B
:103BC00038702088000501D5452000E065207F1E63
:103BD000387001A8C01BC01D0B900F98002800D0A2
:103BE000012041190098C01709180B980818A169FD
:103BF000081A401EA0612078C00602D42000FFF7FA
:103C0000A7F90F98002806D06268A16801F02AFB86
:103C1000206A401C20622078C00627D52000FFF7CC
:103C200097F923E0002E07DB0E98B04204DD03A8CD
:103C30006268805DA16802E06268A168302001F0DE
:103C400011FB206A761C401C20620098401E002850
:103C500000900BD100F010FAC06862680168405C07
:103C6000A16801F0FFFA206A401C206228006D1E46
:103C70000028D7DC08E038786268A1687F1C01F072
:103C8000F1FA206A401C20620B99481E00290B9013
:103C9000F1DC2000FFF775F903203DE601FCFFFF92
:103CA000104D0000E1DFFFFF01694A1C0261087846
:103CB000704700B58FB0029100210591054901932D
:103CC00079440391110004906846FFF7DBF90FB0C7
:103CD00008BC1847E5FFFFFF0A681070521C0A6015
:103CE00070470000094B70B50D007B44FFF7E1FF02
:103CF0000400280000F0FAFA002804D00020C04395
:103D000070BC08BC18472000FAE700008B310000A7
:103D1000F8B504004769007B16000D00800732D01B
:103D2000380001F05FFA00282DD132001026002A59
:103D300027D0012A02D0022A25D104E0200000F079
:103D4000D3FB45191DE0380001F050FAE16831431A
:103D50000028E16006DA200000F056F80120F8BCE7
:103D600008BC1847C9030BD56268E16A914200D8C4
:103D70001100A26989182269891A814200DD0800B0
:103D80002D18002D01DA0220E9E7E16A6068E26897
:103D9000814206D29103E06203D5012149048A439E
:103DA0003243A669AE4211DCE16A814201D90B00BF
:103DB00000E003009F192369FF1AAF4206DD81422C
:103DC00001D90F0000E007009F4206D120200243E6
:103DD0000020A060A56220600DE0AD1BE669AE1B6F
:103DE0008142A66000D90800C01A281A206058191C
:103DF000606020208243034802400020E26040349B
:103E00002072ACE7BFCFD7FFC16880221143920375
:103E10009143C1600021816001607047F7B51400D3
:103E20000E003648D5685769054209D0A1693800A7
:103E300001F0E0F9002811DB3048C0430540E5609F
:103E400000992B003200380001F0D8F94200A16936
:103E50005208B21A89180028A16104D02000FFF787
:103E6000D3FF0020C043FEBC08BC184770B5040057
:103E70000569C06A6168884200D80800E1680522C7
:103E8000D2049143E160C90316D5A8420BD0411B6F
:103E900022002800FFF7C2FF002804D00020C04302
:103EA00070BC08BC1847E56200206560A060E0684F
:103EB000012109048843E0600020F1E710B5040007
:103EC000C06820218843E060A16AA06988420ED0C2
:103ED0002000FFF7CBFFE06803210903884310218E
:103EE0000843E060A06AA0612069E0626060044964
:103EF000E0680840E06010BC08BC184710000200F1
:103F0000BFBFFFFF10B545485421FFF7C1FA444831
:103F10005421FFF7BDFA43485421FFF7B9FA42484C
:103F20003E493F4B424A0160404803603D481060B3
:103F30005A1C0A65411C1965012101653E48374A32
:103F40003CA1784400F01CFB002804D13A48784496
:103F50000C3800F0B5FB3A48314A38A1784400F0FB
:103F60000FFB002804D1364878440C3800F0A8FB39
:103F700034482C4A31A1784400F002FB002804D1D7
:103F8000304878440C3800F09BFB40232348DC0089
:103F90002200002100F0CCFA002804D02648784402
:103FA0005C3800F08DFB1E4840232200002100F009
:103FB000BFFA002804D0224878445C3800F080FB27
:103FC000184810232200002100F0B2FA002804D083
:103FD0001C4878445C3800F073FB10BC08BC1847E0
:103FE000104870B5006D44080C48640000F040FBB8
:103FF0000B4800F03DFB0B4800F03AFB09E0206D58
:10400000450820006D0000F033FB200000F03CF874
:104010002C00002CF3D170BC08BC1847182F0040AE
:104020006C2F0040C02F0040EC020040F002004026
:10403000F402004072000000D6710000770000001A
:10404000C2710000AF7100007847C0460A1040E21C
:10405000200140E0200280E0200480E0200880E091
:10406000A001A0E1002180E0821051E00100805217
:104070000A1081421EFF2FE17847C04600009FE5ED
:104080001EFF2FE13430004070B50400051F00F022
:1040900055FB0068002C1AD0446801E020006468D9
:1040A000002C01D0AC42F9D301680A18AA4204D10D
:1040B0002A6889180500016000E0456028684119F8
:1040C000A14207D16168696021684018286070BC0E
:1040D00008BC18476C6070BC08BC18477847C046DD
:1040E00030402DE90A2050E220E1A0E10030D1E289
:1040F00001EF8EE10E0050E02111C1E020E2A0E1CD
:1041000001EE8EE10E0090E02112A1E020E4A0E19A
:1041100001EC8EE10E0090E02114A1E020E8A0E186
:1041200001E88EE10E0090E02118A1E0010090E08E
:104130000010A1E2A001A0E1810E80E1A111A0E1A7
:10414000005190E00141A0E1204F84E10140A4E052
:10415000055095E00440A4E0052052E00430D3E08F
:104160000030A0E33040BD480A2082421EFF2F41AC
:104170003040BDE8010090E20010A1E21EFF2FE1F7
:10418000F8B5040000681F0001230100DB020326CC
:104190001840072A05DB002801D019A506E019A55B
:1041A00004E0002801D018A500E018A510208143E4
:1041B0002160A069C01E002FA06101D0401EA06137
:1041C0002000FEF7C5FE002F0AD06268A168380003
:1041D00001F048F8206A401C2062C01C206207E001
:1041E000206AFAE728786268A1686D1C01F03AF845
:1041F000761EF7D22000FEF7C4FEF8BC08BC1847B4
:104200004E414E006E616E00494E4600696E66007A
:10421000F7B516008AB0344878446C4603007C3306
:104220001B1DC06F0CCB0DC42F487844763003ACF7
:104230000DC80DC43720C001081837211B30FFF707
:10424000F1F90500803D0C001B3C02D564420120C1
:1042500000E000200027099010E0E0070CD00C20BF
:104260002149784379444C3941186846012332008A
:1042700000F066FE6B4607C364107F1C002CECD177
:10428000194F7F442E3F16E0E80712D02001C019D5
:104290000EC80691089307920068F04201D1981960
:1042A00008900123320006A903A800F049FE03ABE1
:1042B00007C36D10641C002DE6D10998002806D0B4
:1042C00069460123320003A800F01CFE05E001232B
:1042D0006946320003A800F033FE0A9B07C30DB005
:1042E000F0BC08BC18470000EC740000C0688021D6
:1042F00008407047F8B50500C8680C000521C904DE
:104300008843012189050843E060800602D520002A
:10431000FFF7D4FD7249E0680140022903D0200074
:10432000FFF772FDBFE00521012249030140D203DE
:1043300091420FD1C00306D56168E06A884200D877
:104340000800606006E02069E0626060606900F07B
:104350004DFFA061A1682E060022360E00290EDA5C
:10436000E06883050BD4C943A16009212260490399
:104370000843E0606068411C61600670AEE0E06880
:10438000012149030843E0600020206020690028E3
:1043900031D1606900F026FF01252700ED022437A6
:1043A000002816D0A0898005800F08D0E06900F0B1
:1043B00021FA0028206102D0E068284318E001209B
:1043C0002761E061E0680321090288430121890235
:1043D0000DE0E06900F00EFA00282061EFD0E068FF
:1043E0002843E0608105890F03D1FF210131084393
:1043F000E06020696060E2683A4F2569D00521D508
:104400006168E06A884200D80800411B05D022009C
:104410002800FFF703FD002845D1E068010204D51C
:10442000E56200206560A06055E0691CE1626160A2
:10443000E1693843491EA160E06030002E70F8BC8D
:1044400008BC1847100201D53A4009E06068411CD9
:1044500061600670E06838430A2EE06006D00022F2
:10446000E16A6068814203D90B0002E00122F7E7AC
:104470000300A7895B1B7F0504D4E7699F4201DD28
:10448000002A1ED0814200D801000F1A0020E562E8
:104490006560002BA06009DD220019002800FFF7ED
:1044A000BDFC002802D00020C043C8E7002F08D080
:1044B000A069E5626560C01BA061E0681021084347
:1044C000E060E068000209D56168A069E562491B07
:1044D00040186560A0610120C043B0E73000AEE73E
:1044E000821000000000010010B5C26801009007B2
:1044F00003D0900609D5886A0CE000F027F9012165
:104500000160881E10BC08BC18478B694868C01839
:104510000B69C01A40310B7A002B02D0497A401A3D
:10452000F0E71103EED50028ECDD401EEAE70000BD
:1045300070B4C468A50713D0650211D4D51FF93D26
:104540000AD0FF3D6D1E07D0FF3DFF3D022D07D174
:1045500001002431012306E0084E5D1EB54202D35E
:10456000012070BC70470161C36141600F210902E5
:104570008C431443C4600020F3E70000FFFFFF00FA
:10458000F7B516000C00100000F072F82078611CDE
:1045900061280AD0722802D077283BD102E0012599
:1045A000002404E00225042401E02F4D0824022207
:1045B000032301270878491C2B2806D0622807D03E
:1045C0002039C87F742807D008E01D431443F1E761
:1045D000042005433C43EDE71020044300982100EC
:1045E00000F010FE411C15D00021316171600121E5
:1045F000F5604902F1617061200704D502220021B3
:104600003000FFF785FB306D384330653000FEBC6D
:1046100008BC18470020FAE7F8B50D00134C060057
:10462000206DC10704D0410804D044086400F7E7B6
:10463000220010E0542000F0DDF8070012D07908C5
:10464000206D4900012211430843206554213800A0
:10465000FEF71EFF3A0029003000FFF791FFF8BC7B
:1046600008BC18470020FAE702800000182F00401D
:10467000FEB504001030114F41C80190E5680020DC
:104680000090A80707D02000FFF7F0FB300000F0F3
:10469000BDFD002803DA3800FEBC08BC1847280519
:1046A00002D50198FFF7F0FC4C212000FEF7F0FE48
:1046B000206D4008400020650098EDE7FFFFFFFFF8
:1046C00010B500F0E1F800F0D6F810BC08BC1847AF
:1046D00000009FE51EFF2FE1143000400E50A0E1C6
:1046E000FAFFFFEB05E0A0E10050B0E10D10A0E102
:1046F0000A30A0E10700C0E300D0A0E160D08DE265
:1047000020402DE9D7F0FFEB2040BDE80060A0E39A
:104710000070A0E30080A0E300B0A0E30710C1E3B5
:1047200005C0A0E1C009ACE8C009ACE8C009ACE82C
:10473000C009ACE801D0A0E11EFF2FE17847C046D8
:1047400000009FE51EFF2FE11C3000407847C04667
:1047500000009FE51EFF2FE11430004070477047B6
:104760007047704738B504000A0069460020C0460B
:10477000C046002805D002000099200000F0A7F8EC
:10478000012038BC08BC184710B5012000F0D7F84C
:1047900010BC08BC1847F8B5C046C04605000C0060
:1047A00000201020C0460600A819A0420DD9694675
:1047B00032000020C046C046070001D100F0BFF81B
:1047C0000098A04200D00500C419FFF7B7FFF61DFE
:1047D00007000560F008C0004619280000F070F8D6
:1047E000B44204D03868A21B310000F070F8F8BC65
:1047F00008BC184770B50600FFF7A0FF0568300039
:104800000B30C408E400B44203D870BC002008BCDC
:10481000184768682A0000281AD00168A14213D3FB
:104820000B00210008318B4208D3436801194B600B
:1048300003681B1B0B605160046001E0416851601C
:1048400070BC001D08BC1847020040680028E4D175
:1048500021002800FFF786FF0028DAD170BC08BCD1
:10486000184710B50400C046C0462000FBF728FDDD
:1048700010BC08BC184710B5002801D000F0CAFCD5
:1048800010BC08BC18470000010010B503A000F0E0
:104890003AF810BC012008BC1847000053494752A1
:1048A000545245443A2052656469726563743A20F3
:1048B00063616E2774206F70656E3A2000000000FF
:1048C000002101604160806070471020704710B582
:1048D0000300406801E003004068002801D08842DE
:1048E000F9D31868C3188B4206D0CB1CD808C00077
:1048F000001D411A521A0100081D0A60FFF7C4FB8F
:1049000010BC08BC184770B50C0005000A2000E078
:104910006D1CFCF7ABFF002D06D028780028F7D1DE
:1049200002E0641CFCF7A2FF002C02D020780028D3
:10493000F7D10A20FCF79AFF70BC08BC184710B5E5
:1049400000F006F8FFF797FF10BC08BC18470000FE
:1049500010B5012807D0002104A0FFF7D4FF10BC38
:10496000012008BC184709A1F6E700005349475247
:10497000544D454D3A204F7574206F66206865612F
:1049800070206D656D6F7279000000003A204865F7
:104990006170206D656D6F727920636F72727570D2
:1049A000746564007847C0460020B0E3203171E0B0
:1049B00039FBFF3AA03271E02EFBFF3A203471E060
:1049C00023FBFF3A00C0A0E342FBFFEA7847C04662
:1049D00080C0B0E1000031032C0AA0E10C35A0E159
:1049E0008125A0E11E0B8012A11A83E16000A0E1E5
:1049F00002118113CCCAB0E11700000A01007CE368
:104A0000010180031EFF2FE12238B0E10228A0013E
:104A100010C0A00300C0A0131F0040E2223CB0E180
:104A20000224A00108C08C02223EB0E10222A001B3
:104A300004C08C02223FB0E10221A00102C08C021E
:104A4000A23FB0E18220A00101C08C020210A0E1CF
:104A50000020A0E30C0040E01EFF2FE1020111E363
:104A60001EFF2F010211D1E3E6FFFF0A2138B0E15A
:104A70000118A00110C0A00300C0A013213CB0E1A8
:104A80000114A00108C08C02213EB0E10112A00176
:104A900004C08C02213FB0E10111A00102C08C02D0
:104AA000A13FB0E101C08C0220306CE28110A00176
:104AB000321381E1122CA0E10C0040E0010080E201
:104AC0001EFF2FE1FFC4C0E3030020E0FF74C3E337
:104AD00007304CE03F3C83E2020100E2FF3083E21A
:104AE00080492DE9896F8FE209002DE92438A0E182
:104AF00025B8A0E12364D6E70BE8C5E10388C4E14B
:104B0000A110B0E1936627E06220B0E10201A0238A
:104B10000000A033027567E2970606E0A476A0E1E4
:104B2000A669A0E1026086E297662CE002C26CE210
:104B30002C78A0E107C8CCE1970604E09C0605E0CC
:104B4000A177A0E1256884E02663A0E196070CE048
:104B50002CC8A0E19C0B07E00C48A0E1072052E024
:104B6000930C07E00710C1E09C0E07E0070850E037
:104B70002728D2E09C0807E0072842300728522067
:104B80002718C1E02171A0E196070CE02CC8A0E134
:104B90009C0B07E0870950E0A726D2E0930C07E0C2
:104BA0008729423087295220A716C1E09C0E07E0D2
:104BB0008C4184E0870150E0A72ED2E09C0807E0FA
:104BC0008721423087215220A71EC1E00C709DE54D
:104BD000011DA0E1221381E1022DA0E1A177A0E156
:104BE000202382E196070CE0000DA0E12CC8A0E193
:104BF0009C0B07E00C5BA0E12C4584E0072052E011
:104C0000930C07E00710C1E09C0E07E0070850E096
:104C10002728D2E09C0807E00728423007285220C6
:104C20002718C1E02171A0E196070CE02CC8A0E193
:104C30009C0B07E0870950E0A726D2E0930C07E021
:104C40008729423087295220A716C1E09C0E07E031
:104C5000870150E0A72ED2E09C0807E08721423070
:104C600087215220A71EC1E0011DA0E1221381E18E
:104C70008C5495E0A177A0E1022DA0E196070CE00D
:104C8000202382E10040A4E2000DA0E12CC8A0E1B5
:104C90009C0B07E00C6EA0E1072052E0930C07E0AC
:104CA0000710C1E09C0E07E0070850E02728D2E07B
:104CB0009C0807E007284230072852202718C1E047
:104CC0002C5295E00117A0E1221981E10227A0E111
:104CD000202982E10007A0E10040A4E2033888E136
:104CE0000B888EE100E0A0E300B0A0E308C052E032
:104CF0000370D1E00EE0AEE00C20A0210710A0214F
:104D0000000090E00220B2E00110B1E00BB0ABE097
:104D100008C052E00370D1E000B0DBE200B0A0E3D5
:104D20000EE0AEE00C20A0210710A021000090E0D2
:104D30000220B2E00110B1E00BB0ABE008C052E0DD
:104D40000370D1E000B0DBE20C20A0210710A0210D
:104D50000EE0AEE0027091E1016086130E6E96E007
:104D60000020B5E20010B4E28901BD480048BD480A
:104D70001EFF2F418901BDE8066096E00048BDE8AE
:104D80000220B2E00110A1E0013043E21EFF2FE15A
:104D900080807F7E7D7C7B7A797877767675747378
:104DA000727171706F6E6E6D6C6C6B6A6A69686837
:104DB000676666656464636362616160605F5F5ECD
:104DC0005E5D5D5C5C5B5B5A5A5959585857575643
:104DD00056555555545453535252525151505050A8
:104DE0004F4F4F4E4E4D4D4D4C4C4C4B4B4B4A4AFA
:104DF0004A4949494848484747474746464645453E
:104E00004544444444434343434242424241414176
:104E1000000053E303C0A0E11B00004A8670B0E12C
:104E20001600000A1C402DE96770A0E103002DE97F
:104E30001000A0E31010A0E300005AE30200000AF3
:104E400000005CE3080080D3081080D30000A0E3DA
:104E50000F00BDE801B08BE201005BE32770B001F9
:104E60001040BDE801209222011091220211A023DE
:104E70000030A3E2020100E2000083E11EFF2FE107
:104E8000FBFFFF3AA270B0E1E5FFFFEA066886E1AA
:104E9000400073E32668A0E10F0000DA200073E30E
:104EA000026086D10120A0D10010A0D3203083D28F
:104EB000003073E2D8FFFF0A066886E1207063E2E3
:104EC0002668A0E1126786E13223A0E1112782E182
:104ED0003113A0E10030A0E3CFFFFFEA026086E1DA
:104EE0000030A0E30020A0E3066886E12668A0E188
:104EF000016086E10010A0E3066886B12668A0B1D3
:104F0000C5FFFFEA7847C046804C2DE903A0A0E129
:104F100002B0A0E170002DE9380091E8070090E8A8
:104F200080C0D1E183C0D4410100005AE4FEFFEB10
:104F3000B6FFFFEBF000BDE8004CBDE81EFF2FE11F
:104F40007847C046804C2DE903A0A0E102B0A0E163
:104F500070002DE9380091E8070090E8010110E3A6
:104F6000010113030100001A030000EBA7FFFFEB90
:104F7000F000BDE8004CBDE81EFF2FE1FF74C0E368
:104F8000030020E0FFC4C3E30C3087E03F3C43E272
:104F9000020100E2FE3043E2000032E35E00000A5C
:104FA000000035E33E00000A01492DE92108A0E197
:104FB0002468A0E10088C1E190060CE00678C4E115
:104FC000980606E0970808E0900707E0068898E052
:104FD00026C8ACE022B8A0E1078898E02568A0E1E7
:104FE0002708ACE00BE8C2E19B060CE00678C5E1BF
:104FF0009E0606E0970E0EE09B0707E006E89EE09F
:1050000026C8ACE00060A0E307E89EE027B8ACE06B
:105010000B8098E00000A0E20EB098E00080B8E0BD
:105020000000A0E2027051E00010A0E30110E031A6
:105030000560443004C055102748A0E10010A003CB
:10504000076046300458C7E12C78A0E10110E03138
:10505000946722E007C8CCE1950707E09C0506E0CD
:10506000940C0CE0076896E02728A2E00C6896E014
:105070002C28A2E006609BE00EE18EE10220B8E061
:105080000110B0E02E6186E10149BD481EFF2F41AD
:10509000066096E00220B2E00110A1E0013043E298
:1050A0000189BDE82458A0E12178A0E10568C4E1A8
:1050B00007C8C1E1950704E0960707E09C0601E0F8
:1050C000950C0CE0071891E02748A4E02278A0E1B5
:1050D0000C1891E02C48A4E007C8C2E1950702E053
:1050E000960707E09C0606E0950C0CE0076896E042
:1050F0002728A2E00C6896E02C58A2E0012095E059
:105100000010B4E21EFF2F41066096E00220B2E0DC
:105110000110A1E0013043E21EFF2FE1000035E362
:105120001D00000A2128A0E12478A0E10268C1E165
:1051300007C8C4E1920701E0960707E09C0604E077
:10514000920C0CE0074894E02718A1E02578A0E134
:105150000C4894E02C18A1E007C8C5E1920705E0CF
:10516000960707E09C0606E0920C0CE0076896E0C4
:105170002758A5E00C6896E02C28A5E0042092E0D2
:105180000010B1E21EFF2F41066096E00220B2E05F
:105190000110A1E0013043E21EFF2FE12458A0E1FD
:1051A0002178A0E10568C4E107C8C1E1950701E0E5
:1051B000960707E09C0602E00060A0E3950C0CE077
:1051C000072892E02718A1E00C2892E02C18B1E003
:1051D0001EFF2F41022092E00110A1E0013043E2C6
:1051E0001EFF2FE17847C0462AF2FFEA7847C04603
:1051F00048F2FFEA7847C04630F2FFEA7847C046F7
:10520000D7F1FFEA7847C0469EF1FFEA7847C046EB
:10521000C1F1FFEA7847C0464CF2FFEA7847C04642
:10522000B0EEFFEA7847C04649EEFFEA7847C0464D
:10523000D2EEFFEA7847C04615EFFFEA7847C0464E
:1052400023EFFFEA7847C0460DEFFFEA7847C046F4
:105250001AEFFFEA00C09FE51CFF2FE1293A00008A
:105260000047084710471847284738477847C0463F
:1052700001C05EE50C0053E10C30DE270330DE3761
:1052800083C08EE01CFF2FE17847C0468110A0E16B
:10529000810590E10400A013A12AB0E1022BA0E354
:1052A00001008013012042E2A10A52E102008003C2
:1052B000010050E30500A0031EFF2FE101C08FE2B3
:1052C0001CFF2FE170B504001148C046C0462420E1
:1052D000444310482418A088810709D0810700257D
:1052E00000290BDA800606D5200001F091F905E0CF
:1052F0000024E44304E02000FCF7CFFCA580002458
:105300000348C046C046200070BC08BC18470000D7
:10531000000000000000008101C08FE21CFF2FE1AF
:1053200010B504000F48C046C046242044430E4830
:10533000201881880D4C8A070CD08A0703D41022CC
:105340001143818006E0890603D4FCF7ACFC0028F9
:1053500000D000240348C046C046200010BC08BC52
:10536000184700000000000000000081FFFFFFFF61
:1053700001C08FE21CFF2FE110B504000D48C046AC
:10538000C046242044430C482418A088810703D039
:10539000800603D5E46805E0002403E02000FCF764
:1053A00086FCA4680348C046C046200010BC08BC68
:1053B00018470000000000000000008101C08FE2DB
:1053C0001CFF2FE1F8B5070034480E00C046C04668
:1053D000684602F039F8324D040031D0010038003F
:1053E00002F05AF807002068002829D0A08881061A
:1053F00007D532003900200001F06EFA00281FD1D5
:1054000042E0B1071CD40C210E4004D0042E07D07A
:10541000082E15D101E0012105E004210843A080F8
:105420000004000C02210843A08021003800FCF792
:105430003FFC00260128207904D0C0072CD11CE0B5
:105440002C0022E0800701D5032100E0022120008A
:1054500001F0A0FF00281FD1A088410703D520003C
:10546000FCF725FC10E0C00702D0E06920620BE0E9
:105470002000FCF70AFC00280ED021003800A6828C
:10548000FCF701FC002807D0009C0448C046C04639
:105490002000F8BC08BC1847A680D1E70000000037
:1054A000FFFFFFFF01C08FE21CFF2FE1F8B50700EF
:1054B000164815000E00C046C0460120C0072C004B
:1054C0000443002E1BD024204743114838188188FC
:1054D0008A0714D00A07120F022A06D0890607D5B8
:1054E0002A00310001F0DBFA06E00024E44306E084
:1054F0002A003100FCF7D3FB002800D02C1A034807
:10550000C046C0462000F8BC08BC18470000000098
:105510000000008101C08FE21CFF2FE170B5040084
:1055200010480D00C046C046242044430E482018B1
:1055300081880E4C8A070DD0890605D5290001F017
:105540001FFB002805D005E02900FCF7AEFB012871
:1055500000D100240348C046C046200070BC08BCEF
:10556000184700000000000000000081FFFFFFFF5F
:1055700001C08FE21CFF2FE1F8B5070014481600A8
:105580000D00C046C0460024E443002D18D024205E
:1055900047431048381881888A0711D00A07120F2C
:1055A000012A0DD0890604D53200290001F05EFBE6
:1055B00003E032002900FCF774FB002800D000242F
:1055C0000348C046C0462000F8BC08BC184700008D
:1055D000000000000000008130380A2801D20120BC
:1055E000704700207047000001C08FE21CFF2FE1D0
:1055F000F8B52D4D0600E87B002803D0B00F32D15E
:1056000003202EE0B00080080F308708BF00002E76
:1056100003DB02F0B5FA0120E873B00F0CD003CD24
:10562000C019083D884207D9E87B00281BD000201C
:10563000E87302F0A6FA16E01C48046805CC083CA2
:10564000011B891AB94212D2040000680028F5D162
:10565000E87B002803D00020E87302F092FAB00F34
:1056600001D1FCF77BFA0020F8BC08BC18471000F9
:1056700016D01119226808000A6021600830040061
:105680004F602868C0192860E87B002803D00020FC
:10569000E87302F076FA0020268060802000E3E7BD
:1056A00067600834EDE700009C2E00406CB10000FC
:1056B000F8B50D6816000C00070001F0FFFF002888
:1056C00019D0387F01F09EFF02002168380004F0F5
:1056D000C7FF00280FD0002E06D02268290038000E
:1056E00004F0BEFF002806D00021380000F000FCC6
:1056F000002800D00120F8BC08BC1847F3B506000C
:1057000081B000F0D5F900284CD0284D00272C6836
:105710000CE02078002807D02000042231000A3055
:1057200002F056FC012832D00E347F1C2879B84292
:10573000EFDC1F49300002F0EDFB002817D11C48B8
:10574000001D03F056FA00282CD02C6800270BE02F
:105750002078002806D002990622201D02F038FC8D
:10576000012819D00E347F1C2879B842F0DC0120C2
:1057700000F020F8002815D00E22504329680E387A
:105780000C182000042231000A3002F02EFC02998D
:105790000622201D02F029FC69790320E170A97915
:1057A000A1702070FEBC08BC184700007CB100004E
:1057B000AC2E0040F0B42149060001220868170011
:1057C00004E00378002B09D00E30521C0B79934271
:1057D000F7DA00204C790B6801220EE00770467062
:1057E0001000F0BC70475D78012D04D1DD78A54232
:1057F00001D82C001000521C0E330D799542F2DABC
:10580000002812D14D790C68012209E06378022B3F
:1058100004D1E378AB4201D81D001000521C0E34B5
:105820000B799342F2DA0028DBD00A680E2141435B
:105830000E3951180F704E70D3E700007CB1000094
:10584000F3B5224C06002568002781B00CE02878CB
:10585000002807D02800042231000A3002F0B8FBEB
:1058600001282FD00E357F1C2079B842EFDC3000A4
:1058700000F01EF9002825D01549300002F04AFB3F
:1058800000281FD00120FFF795FF05001AD0104A0D
:105890003100002000F066FA0E214D4320680E3DD5
:1058A00045192800042231000A3002F09EFB0299BB
:1058B0000622281D02F099FBE079E870A079A87013
:1058C00003202870FEBC08BC184700007CB1000013
:1058D000AC2E0040F3B581B02849019802F01AFBC4
:1058E000002809D1254C201D03F083F9002838D069
:1058F000241D002001940290214D00272C680226CF
:105900000CE02078002807D02000019904220A30FA
:1059100002F05EFB012827D00E347F1C2879B842A4
:10592000EFDC0298FFF746FF040019D0134A0199F3
:10593000002000F017FA0E214C4328680E3C041991
:105940002000019904220A3002F04FFB0D49062283
:10595000201D02F04AFBA879A070E879E07026705B
:105960000020FEBC08BC184720780328F8D36078D4
:10597000012800D166702000F3E70000AC2E004043
:105980007CB100000AB20000F8B5394D39492878D9
:10599000002802D10A7B92075CD50122401C8A7341
:1059A000354E002728705CE00E22504331680E38D7
:1059B0000C182078002851D0E078002804D0401E30
:1059C0000006000EE07049D16078002810D0200059
:1059D0002A4904220A3002F0FBFA012807D0607835
:1059E000012811D0002803D0022801D036E06770CA
:1059F0002078032824D0A07800282ED0401E00064E
:105A0000000EA07029D01DE02078032825D0A078B2
:105A1000002822D0401E0006000EA0701DD00220DB
:105A20002070F079E07020000A30050003F0E1F802
:105A3000134A002801D0290009E00021201D07E0B9
:105A400004202070F0790E4A21000A31E070002015
:105A500000F088F9F8BC08BC184727702878401C6B
:105A6000287031790006000E81429DD22F70F1E737
:105A7000C8020040E82E00407CB10000B02E00407B
:105A8000AC2E004030B4084B00210A0018680124F5
:105A900003E0027044700E30491C1D798D42F8DC21
:105AA0000248426030BC70477CB10000C802004030
:105AB00010B501787F2915D009090E2912D0FDF7FC
:105AC0008DFD00280ED0411C0CD007490A6889685A
:105AD00042400A4202D10143491C03D0012010BCBC
:105AE00008BC18470020FAE7AC2E0040074910B563
:105AF000002048600648007A002804D0054A0020AB
:105B0000110000F02FF910BC08BC1847C802004073
:105B10007CB10000AC2E0040FEB51F4E050034687D
:105B200008300190002728000E3000901DE02078FA
:105B3000012818D9E9880920000281420BD1019877
:105B40000622211D02F044FA00280CD00422200075
:105B500000990A3012E02100009804220A3102F074
:105B600037FA012807D00E347F1C3079B842DEDCCA
:105B7000FEBC08BC184701990622201D02F035FA28
:105B80006078022801D10120607071790320E170F2
:105B9000B179A1702070EBE77CB10000F8B5018805
:105BA0002A2950D3418ACA1FF93A4CD1818A08293F
:105BB00049D1817D062946D1C17D042943D1018B7C
:105BC000070024370A02090611430A0C3D1F04008E
:105BD000A91F1234BE1D13000091FFF747FB0A34C2
:105BE000064D34343434343D6B34344904223000AF
:105BF00002F0EEF9002805D000992800FFF77EFD9D
:105C0000022135E004222900300002F0E1F90028E9
:105C100019D02B4E002734681AE02078032815D3BA
:105C200000990622201D02F0D3F900280ED0200092
:105C3000042229000A3002F0D8F97079E070B079B6
:105C4000A07003202070F8BC08BC18470E347F1CDD
:105C50003079B842E1DCF6E71A490622380002F052
:105C6000B7F90028EFD000992800FFF747FD092178
:105C7000200000F02BF8E6E7300002F0BAFF002821
:105C80000AD00E490422300002F0A2F90028DAD02E
:105C90002000FFF741FFD6E70B4C61680029D2D006
:105CA0000422280002F094F90028CCD0616800207A
:105CB0000870C8E7062203493800E5E7AC2E00402B
:105CC0007CB1000079000040C8020040F8B5050032
:105CD0000E002A20FFF78CFC290004000831062260
:105CE0000F00001D02F081F920001C4906220A3035
:105CF00002F07BF9C120C0002082FF2001306082C9
:105D00000820A0820620A0750420E075300631022C
:105D10000843000C2083200006223900243002F0C2
:105D200064F92900200004220E312A3002F05DF9C6
:105D300020000A4906221A3002F057F920000849CB
:105D40000422203002F051F92000FFF767FA20000A
:105D500001F08CFAF8BC08BC18470000790000403C
:105D6000AC2E0040F8B5050016000F002A20FFF702
:105D70003FFC0400002D01D0290000E0224906224A
:105D8000201D02F032F92000204906220A3002F0DC
:105D90002CF9C120C0002082FF2001300821608240
:105DA000A1820621A1750421002DE17500D0C0005B
:105DB00020832000154906221A3002F016F9002D22
:105DC00000D1134D200029000622243002F00DF9E5
:105DD000002E00D10E4E200031000422203002F0AF
:105DE00004F9002F00D10A4F2000390004222A3084
:105DF00002F0FBF82000FFF711FA200001F036FA5C
:105E0000F8BC08BC184700000AB200007900004046
:105E1000FCB100000549800040180A6840688242D1
:105E200001D2012070470020704700009C2E0040E6
:105E300070B58169040003F0DBF8002808D0E06D3C
:105E4000FF30FF3001F0D1FC2849884203D0002008
:105E500070BC08BC1847E06D417B0B30A17701F0A6
:105E6000C4FCE085E06D0E3001F0BFFC6084E06DA5
:105E7000017C1130617701F0B8FCA085E06D133032
:105E800001F0B3FC6062E06D163001F0AEFC2084DE
:105E9000616A00291FD1002818D1E06D283001F077
:105EA000A4FCE087E06D2C3001F0A4FC2064E06DE0
:105EB000303001F09AFC25004035A880E06D32308A
:105EC00001F093FCE880606A002804D1E06D203086
:105ED00001F090FC6062208C002804D1E06D243039
:105EE00001F088FC20840120B2E7000055AA0000E0
:105EF000F8B50400806C0D00A84244D0260040365E
:105F0000317C01292AD16769002F0FD021788906B9
:105F10000CD5617F022906D000220100E36C380015
:105F2000FBF7D4FE16E0218C4218F6E76268E16CBC
:105F3000D3680122FFF797F9002821D0607F02285B
:105F40000AD1218CA06C62684018D368E16C0122F0
:105F5000FFF789F9002813D000203074002D12D0EB
:105F6000707C218C626848439368E16C2818012298
:105F7000FFF779F9012808D00020C043A064002071
:105F8000F8BC08BC18470120FAE7A564FBE700B598
:105F9000002200F039F8C0430004000C010608BCE0
:105FA00000020143080C184702000021203A012A90
:105FB00016D9D21E062A13D92D2823D02E2821D057
:105FC0000D3A092A0CD940281CD0113A192A07D9B0
:105FD0001D3A1D2A04D97D2814D07E2812D000E055
:105FE00001212B280BD02C2809D03B2807D03D2895
:105FF00005D05B2803D05D2801D07F2800D902217D
:10600000080070470121FBE710B406E003784478EC
:10601000801C1B0223439A18891E0129F6DC0029E3
:1060200002D00078000282181004000C110C4018F5
:10603000010C081810BC0004000C70470818010C73
:1060400008180004000C704770B50500183000F007
:106050001CF806000121E86D4902FDF7F7F900245C
:1060600006E03119280004F09FFA00280AD0641CC9
:10607000A87FA042F5D80021280004F095FA002856
:1060800000D0012070BC08BC184710B4848B026893
:1060900003791219002909D0032B01D0C38B9A1858
:1060A0008079891E4843801810BC7047032BF7D0B5
:1060B0001000F9E7F0B585B0040000200D00029152
:1060C00003901600694602A800F085F9002804D064
:1060D000012005B0F0BC08BC184701F06DFB019031
:1060E00001F0B6FA070000980B2223A1FDF77AF918
:1060F00000981021C17201990E3003F028F8009821
:106100003900103003F023F800983900123003F002
:106110001EF8684603C8163003F019F800983900D5
:10612000183003F014F8009920228818FDF75AF966
:106130000098290C143003F00AF800982904090C7F
:106140001A3003F004F800982E212030009041709E
:10615000316CA14200D10024210C143002F0F7FF71
:1061600000982104090C1A3002F0F1FF310002A856
:1061700000F0B6F8ADE700002E20202020202020DF
:1061800020202000F7B50500007B0D2184B00C30E5
:10619000FEF708FC040601200190240E28001030B0
:1061A0000090069A009802A900F015F9002849D13C
:1061B000029804700199002900D040212143017008
:1061C0000599002641730F214683641EC17224067F
:1061D000240E21000D225143067301962A7B531A87
:1061E0000D2B00D90D23AA6851188C4602000021FE
:1061F000401C09E06646775C174E765C9755164F53
:1062000000267F5C491C3E549942F3D3124B002672
:1062100005E05F5CD6555F5C3E54FF26491C0D29A6
:10622000F7D3287DC043000705D10699009800F0F8
:1062300057F8002807D1069A0098002100F098F836
:10624000002804D0012007B0F0BC08BC1847002C7F
:10625000A7D10020F7E70000BCB20000FFB581B075
:106260000A9E1500040002981F003200694600F0E3
:10627000B2F800282FD10099225C0A54401C0B2848
:10628000FAD30024CF720C734C7301F095FA01001D
:1062900000980E3002F05BFF01F0DAF9010000987F
:1062A000103002F054FF0098018A4182C289C282F4
:1062B0000183290C143002F04AFF00982904090CCC
:1062C0001A3002F044FF00983100C461029800F0D7
:1062D00007F8002800D0012005B0F0BC08BC184722
:1062E00070B50D000168040028001830FFF7CDFEDE
:1062F0006168012209090918280004F031FA002810
:1063000003D0002070BC08BC18470720FAE770B51E
:106310000C000500002929D020001830FDF75EF997
:10632000401C12D020002430FDF758F9296888421B
:106330001CD12034607B227B6968000210438142BB
:1063400014D1022070BC08BC184720002830FDF78B
:1063500045F92968884209D12234607B227B69682B
:1063600000021043814201D10120EBE70020E9E760
:1063700038B515000400002902D16068401C606037
:10638000287F032821D0206800281ED16068C11F03
:10639000FF39FA391DD1022038BC08BC1847081A49
:1063A0006060206869460090280002F07BFE0028AB
:1063B00007D0287F009901F091FD002803D001202B
:1063C000EAE70320E8E700982060A88F616881422F
:1063D000E5D20020E0E770B50E000168040010006F
:1063E00015001830FFF751FE6168090909182800E7
:1063F00002F0FEFD002809D02179E86D0907C90DDA
:1064000040183060002070BC08BC18470120FAE733
:10641000017800290CD0E5290CD0C07A8106890EBC
:106420000F2909D0C006800F012807D0042070472B
:1064300000207047012070470320704702207047FA
:1064400010B504490622001D01F0C2FD10BC08BCB5
:10645000184700007900004010B501F091FBFEF7ED
:10646000E1FE084800210170417001F08AFBFFF74E
:1064700009FB0548062101F0C4FD0449486010BC31
:1064800008BC18470C2E004079000040E82E004060
:1064900070B5FEF7CBFEFFF777FA2F480278417808
:1064A0008A4256D02D4B01229A738A00491C121839
:1064B000C9065468C90E4170208A010200060843CB
:1064C0000121000CC902401A05D006283ED1200047
:1064D000FFF764FB3AE00021200001F053FB0028A5
:1064E00034D0201D1E490500062201F071FD002850
:1064F0000DD1280002F07DFB1A49000A884206D01F
:10650000210020000A311E30FFF79AF905E0210032
:1065100020000A311E30FFF7F1F8E07E012806D096
:10652000022808D006280ED011280FD107E020003D
:1065300001F074F90AE02000FBF76CFB06E0200094
:1065400003F024FF02E0200003F078FA200000F0BE
:106550008DFE70BC08BC18470C2E0040E82E004091
:106560000AB200005E00010070B50500040022358B
:10657000234E24490422280001F02AFD00281ED1C0
:1065800020001E3002F035FB002829D02A78002098
:10659000012112090E2A26D02800FDF71FF81A49FA
:1065A0000A68896842400A4202D10143491C06D068
:1065B00001212800FFF78EF9002811D0061D0622C0
:1065C0003100201D01F011FD2000104906220A3083
:1065D00001F00BFD082020822000FEF71FFE0120A5
:1065E00070BC08BC1847217160715E20A07168788A
:1065F0004006400EE071A8782072E8786072E3E708
:106600000AB2000002B20000AC2E00407900004047
:10661000FEB5040080880106890F5DD0C0065FD4F6
:1066200025681421280000F09BFE00280BD0E069AB
:106630002A000190208C6946029001A8FFF7CBFE4A
:1066400000284DD104E0A08810210843A08047E035
:1066500001F0B2F8070000F0FBFF0600010000980F
:10666000123002F074FD207900061BD56069010C20
:106670000098143002F06BFDA08A01040098090C08
:106680001A3002F064FD0098E1681C3002F063FDEE
:1066900000983900163002F05AFD00983100183089
:1066A00002F055FD290001A8FFF71AFE002817D1B6
:1066B000287F032804D1280000F070FF00280FD0A5
:1066C0000021280003F070FF002809D000212800D5
:1066D000FFF70EFC002803D00020FEBC08BC1847C2
:1066E0000120FAE770B403000A4CDF250CE0585C87
:1066F0000600613E192E00D828401602120E4240B4
:106700009000205832004240491EF0D270BC100068
:1067100070470000CCB20000F0B50023DB4385B029
:10672000836482680400C2640021403001744174B3
:10673000D01DFF30FA306365E0650120800210183B
:1067400020662000603001714171200000F064FE7D
:10675000FBF7C4FA0220E066200018303021050063
:10676000FCF796FE0021200002F042FC00282ED00B
:10677000E06DFF30FF3001F038F85449884226D1EF
:10678000E06D0178E92920D0EB2902D181789029A8
:106790001BD0FF30C73001F02DF8A0612000FFF7BB
:1067A00047FB002818D0EF8AF81FFF38FA384ED17F
:1067B000AE79102E18D011DC012E15D0022E13D078
:1067C000042E11D0082E42D10EE00020E5E7022071
:1067D00005B0F0BC08BC18470320F9E7202E03D011
:1067E000402E01D0802E32D16889002803902ED00F
:1067F00068790128029001D0022828D12889E96807
:106800006A4603C2884222D8A08D39004001401E4A
:106810003818FCF707FF05000099029848430399D0
:106820004118019800914919401A3100A062FEF701
:10683000B9F820637E430099A186F102E586090C30
:10684000A663A1872249884203D2012005E00420E3
:10685000BEE72049884202D20220207732E003209E
:106860002077200000F058FE00282BD1618CA06911
:1068700000273E000225401800900099E8090918F9
:10688000B14208D90E00218C0A1A3100200002F012
:106890006FFB002808D0E06D6906C90D401800F0B4
:1068A000A9FF002802D002E0002705E07F1C206B32
:1068B0006D1C801CA842E0D82000A76600F06EFE88
:1068C000002801D0002083E7052081E755AA0000B9
:1068D000F50F0000F5FF0000F7B50E0004008AB0C8
:1068E00007D0002E05D0080002F0DAFA002831D1D6
:1068F00004E003200DB0F0BC08BC18470C9800253C
:106900000C21084004D0042805D008287ED101E0DD
:10691000012502E00425022005432068009000F0D4
:106920007BFDFBF7D9F901000098016700980396F9
:1069300002F006FC0190009901A802F064FA05A992
:106940000600089102D00C2E72D0A6E00298C07A00
:10695000C00601D50520CDE76946097F0698009A53
:106960004018401E069008980121FFF701FD0028FD
:106970006ED1A807069805D50104090C009B05985F
:10698000032204E00104009B0598090C022200F098
:1069900021FD002805D1022D53D10298C07AC007ED
:1069A00001D00220A6E70298143000F01EFF070471
:1069B00002981A3000F019FF3818606100F0FCFEF0
:1069C000010002980E3002F0C2FB00F041FE01000F
:1069D0000298103002F0BBFB02980299008A4882AC
:1069E00002980299C089C88202980299008A088395
:1069F000029900208882029948830299C86100990F
:106A00000898FFF76DFC002822D100E020E06169C2
:106A1000009803F023FD00281AD00098007F032877
:106A20000FD1009800F0BAFD002811D009E0FFE76F
:106A3000E80732D1009A002101A802F0EDF8060023
:106A40002BD12268089802A9FFF7C5FC002801D0C5
:106A500001204FE702981C3000F0CCFEA060E060FF
:106A6000002020610598E061069820840298143087
:106A700000F0BBFE070402981A3000F0B6FE38188A
:106A80006061A0610020222108550C98800701D583
:106A90000B200543A0882843A08030002AE7F7B5E3
:106AA00004000079160088B0C0061DD427680421B0
:106AB000380000F055FC002812D02069E1688219E6
:106AC0008A4201D90E1A0FD0A1884022C005114375
:106AD000C00DA1800290002520002030069048E0E3
:106AE000A08810210843A08000200BB0F0BC08BC97
:106AF000184706988178B87F814209D12100183162
:106B0000380002F0CFFA0028EFD0069800218170FB
:106B10003800A1691830FFF7B8FA01000698BA7F6B
:106B200080780918121A380002F022FA0028DCD006
:106B30000299701B4118009001204002814202D945
:106B40000299401A0090F96D0298009A0918099864
:106B50004019FCF7DBFB009902984018C005C00DF6
:106B6000029004D1069806998078401C887000989D
:106B70002D18B542BDD32069401920612800B4E723
:106B8000F0B50D00040089B026D0A088C1065FD4FE
:106B900080075DD026680421300000F0E1FB00286A
:106BA0001CD02000203006908178B27F08380390F6
:106BB000914208D10100300002F074FA002807D099
:106BC0000698002181702069A84200900BD1002016
:106BD00009B0F0BC08BC18470320F9E7A0881021D1
:106BE0000843A08034E0E068A84200D20500B17FED
:106BF000680AFDF7D7FE069881700098A84214D263
:106C0000B26BA769110004920192FDF7CBFE0098C8
:106C1000019A281A0B1893421CD3049A511A401A4D
:106C20001100FDF7BFFE401C05E0B16B2800FDF729
:106C3000B9FE6769A761002800900BD0A769039986
:106C4000300002F02FFA002802D00098401EF2E730
:106C50000120BDE7307FA16901F040F9002803D091
:106C6000B17F06988170A7612561B0E7F7B5040090
:106C7000007986B0C00604D5002009B0F0BC08BC7D
:106C8000184727681421380000F06AFB0028A08804
:106C90000CD080210843A0800007C00F4002039061
:106CA000606925002035002804D018E01021084331
:106CB000A080E1E721001431380000F0FFFC00283B
:106CC000DBD0387F00F09EFC02006169380003F0E1
:106CD000C7FC0028D1D061690020A161A870218A79
:106CE000200018300026C905C90D0091029063E00C
:106CF000A878B97F884224D12069E1688019884248
:106D000004D20299380002F0CDF916E0A069029988
:106D10000190380000F0D2FC0028AED0387F00F09F
:106D200071FC0200A169380003F09AFC0028A4D08D
:106D3000A2690199380003F093FC00289DD000203F
:106D4000A8703800A1691830FFF79FF9A97840189A
:106D5000049008980099801B41180190012040027E
:106D6000814202D90099401A01900098002803D16D
:106D700003990198884205D20499380002F038F945
:106D800000289DD00798FA6D811900981018019A73
:106D9000FCF7BCFA0499380003F006FC00288FD0F9
:106DA000684603C84018C005C00D009002D1A878FD
:106DB000401CA870019836180898864298D320691C
:106DC00080192061E168884200D9E060012054E721
:106DD00001C08FE21CFF2FE1F0B504001B4889B011
:106DE000C046C04600F082FA002C19D00020694647
:106DF00088800090200000F04FFB0098002823D0EE
:106E00006846818820200140009800F011FE0400AF
:106E10000E48C046C046200009B0F0BC08BC184768
:106E200000240B4D0B4F26000AE0E97904200140B5
:106E3000286800F0FDFDA04200DD04000835761C46
:106E400038888642F1DBE3E70324E1E70000000035
:106E5000D4B10000AEB10000054910B500200870A3
:106E600001000448202201F0DEF810BC08BC1847DD
:106E7000E2020040F82E004010B58A68002A04DCC7
:106E8000FDF738FA10BC08BC1847521E8A604A68E1
:106E90000006000E531C4B601070F3E7FFB50400B2
:106EA000196F1D001700022083B0FAF719FF0020A8
:106EB000009404000190296F0420FAF711FF0600E6
:106EC00001006846FFF723FA002802D0022823D0E9
:106ED0002DE02A0002A96846FFF77DFA002804D0B9
:106EE000032007B0F0BC08BC18470298FFF790FADF
:106EF000012803D0002801D000241CE0002C03D17D
:106F00000098386001987860641C04982406240E68
:106F1000844210D10020E4E730002830FCF75EFB0B
:106F200022360090707B317B000208430190296F6C
:106F30000320FAF7D5FE2A0000216846FFF718FA69
:106F40000028B8D001280CD1012228006946FEF79C
:106F5000AFFB002805D000992800FFF775F800283E
:106F6000A9D10120BDE70000F3B50500006899B084
:106F70000C9000200D90401E109000200590049071
:106F8000029003900F901A98016F0220FAF7A8FE62
:106F90000400002721000CA8FFF7B9F900280FD042
:106FA00002280BD120002830FCF718FB0C902000A1
:106FB0002230417B027B080210430D900126F2E053
:106FC0001A9A002601A90CA8FFF705FA00287DD11E
:106FD0000198FFF71DFA002879D0032802D0042871
:106FE000EDD162E0019884460078410610D5BF21BA
:106FF0000140029161464A7B0021C9431091002162
:1070000004AB06C301210F910CA906C9079109928F
:1070100061464A7B05998A4244D1C006C00E0D21C3
:10702000401E4843297B0006000E091A0906090E76
:107030000D2900D90D21AA681018864600200AE003
:10704000644B62461B5CD35C7246125C5340DF2289
:1070500013420FD1401C8842F2D30D2905D25D495D
:10706000095C6046405C002804D10398401C00067F
:10707000000E03901A98006FFF2812D010996046F6
:107080008C460021534A525C835C002B04D015AA25
:107090005354491C0D29F5D3624615A8FFF722FB6E
:1070A000109080E0002003907DE00F98002815D01C
:1070B00000200F9002A803C888420FD1019802F067
:1070C000F3F901000598814208D101E07DE07EE0FE
:1070D00001200490099907986961286100200390B4
:1070E0000298401C0006000E0128287607D10CA843
:1070F00003C86961286100200490401E1090019926
:1071000011A802F059F82A7B904207D1A96811A86A
:10711000FCF7C0F8002801D1012004901A98016FF3
:107120000520FAF7DDFD040031D021001098183158
:10713000FCF766FA20001C300700FCF74FFA01004C
:10714000019802F05EF83900FCF75AFA210020316C
:10715000287E0F00FCF754FA210007982431FCF731
:107160004FFA099821003873000A78730C98283177
:10717000FCF746FA0D98210022310873000A487383
:107180001A980021026F2000FAF7ACFD012704983D
:10719000002806D00198686000201BB0F0BC08BC35
:1071A0001847002002903E4305D01A98016F032033
:1071B000FAF796FD04001A9A00210CA8FFF7D8F8F8
:1071C000002800D1E5E6012801D00120E5E70C20E8
:1071D000E3E70000BCB20000FEB50400086F0E003B
:1071E000FF2809D0217BA06801F036FC326F02A98C
:1071F000FAF77CFD002803D00C20FEBC08BC184721
:107200000298050020300700FCF7E8F90006000EA0
:10721000012820761DD028002430FCF7DFF92061FA
:10722000787B397B00020843606128002830FCF736
:10723000D5F922350090687B297B32000002084393
:107240000190211D6846FFF7C6F80028D5D001201F
:10725000D3E728002830FCF7C1F92061280022304C
:10726000417B027B08021043DEE70000F8B50028EE
:107270002ED01C4D0700E87B083F002801D00320DA
:1072800024E019480026046800F07AFC0120E87325
:1072900000200BE0260024682178890704D0E873D9
:1072A00000F06FFC022011E0002C0BD0BC42F1D1A9
:1072B0002A6863680C49D21A2A600968A1420AD177
:1072C00060600AE0E87300F05CFC0120FAF746FC1D
:1072D000F8BC08BC184721683160E87300F051FC25
:1072E000F6E700009C2E00406CB1000070B5174C12
:1072F0002078002826D1FAF7B5FCFAF7EBFC00223B
:1073000011001348134B40250BE0C6797607066839
:10731000316004D40679522E01D1066835600830F8
:10732000521C1E88B242F0D30B4B0C4A002004E0E2
:1073300024254543ED18401CA9801588A842F7D3A1
:107340000120207070BC08BC18470000E00200401B
:10735000D4B10000AEB1000000000081ACB100006B
:1073600010B504000068814303D0002010BC08BCA5
:107370001847000707D46068002142690800FDF73C
:1073800071FFC00701D00120F0E720680621884383
:107390002060EAE770B40D4A0D4C002311E08242F0
:1073A0000DD015680668B54209D195880D4206D002
:1073B000958A868AB54202D1012070BC704724327A
:1073C0005B1C2588AB42EAD30020F6E70000008171
:1073D000ACB10000F0B40E4C0E4F0025844612E014
:1073E000A688002E0DD0206898420AD1164208D0F7
:1073F000208C884205D1E069604502D10120F0BCB3
:10740000704724346D1C38888542E9D30020F6E7A4
:1074100000000081ACB10000020010B40848094B24
:10742000002107E00468944202D1001D10BC70479F
:107430000830491C1C88A142F4D30020F6E7000064
:10744000D4B10000AEB1000070B506000C4D0D487F
:10745000002404E02979890708D0641C24350188B8
:107460008C42F7DB002070BC08BC184724212800A0
:10747000FCF70EF8002E00D034602800F3E700007F
:1074800000000081ACB10000004870470101DB073B
:107490000320800470470000F0B41D4A1D4E0028F0
:1074A00020D00478002C1DD04578DF231C403A2DD5
:1074B00003D083783A2B03D014E03025801C02E0FF
:1074C000002D0FD0C01C002307E01779A74202D17E
:1074D0005779AF420BD008325B1C3788BB42F4DBD4
:1074E000F0BC704700230EE0D479E40709D013689C
:1074F0000B60D2795207F3D58A8820231A438A80F9
:10750000EEE708325B1C3488A342EDDBE8E70000BD
:10751000D4B10000AEB1000010B581690400403064
:1075200080880918200001F063FD002829D0E06D53
:10753000FF30FD3000F05EF91549884220D1E06D42
:1075400000F058F9134988421AD1E06DFF30E53058
:1075500000F050F91049884212D1E06DFF30E93057
:1075600000F048F9216B81420AD3A066E06DFF303C
:10757000ED3000F03FF9022802D3216B814203D2A3
:10758000002010BC08BC1847E0660120F9E70000A5
:10759000000055AA525261417272416110B5040057
:1075A0000121C06D4902FBF751FF1349E06D01F065
:1075B000D2FDE06D1149FF30E53001F0CCFDE06D0A
:1075C000A16EFF30E93001F0C6FDE06DE16EFF30E5
:1075D000ED3001F0C0FDE06D0949FF30FF3001F0F2
:1075E000B6FD4420005BA1690918200002F0DCFF11
:1075F00010BC08BC184700005252614172724161D0
:1076000055AA0000012805D0022805D0032805D07E
:107610000020704702487047024870470248704790
:10762000FF0F0000FFFF0000FFFFFF0F10B4074C2B
:107630000022030608004900584000D561405B0065
:10764000521C082AF6D310BC08007047B71DC104AD
:1076500010B5FFF719FFC106C90E00D101210205BF
:10766000120F0C2A01D8002A00D1012252010A432C
:10767000044910BC000C401808BC4006000C104324
:107680001847000044F8FFFF027F012A04D0022AB5
:1076900006D0032A0AD105E04A008918890A02E0C7
:1076A000090A00E0C909028C8A4201D8002070470B
:1076B0008269408C1018401870470000F8B50E0021
:1076C000C46E05005EE021002800FFF7DDFF010029
:1076D00000902800FEF70CFC00283AD0287F0128F3
:1076E00004D0022824D0032832D128E003208005CA
:1076F00060432749C00D884204D2E96C081800F0A5
:1077000074F80EE0E86C0099FF30E130C77F280084
:10771000491CFEF7EDFB00281BD0E86C0078000246
:107720003843E10701D000090FE00005000D0CE02F
:10773000E96C2006C00D081800F057F805E0E96C68
:107740006006C00D081800F055F8002804D018E0B5
:107750000020F8BC08BC18470E48002103880E48DA
:1077600008E087882222BA4302D18269A24208D067
:107770002430491C9942F4D33460641C0120EC6627
:10778000E7E7641C286B801CA0429CD8EC66DFE70E
:10779000FF010000ACB10000000000810349044A71
:1077A00048685043034A801848607047E82E0040FC
:1077B0006D4EC6413930000010B5FFF769FE8106F5
:1077C000C90E1D2900D900218204920E3B2A00D93E
:1077D00000225201C0020A43C00E172800D9172008
:1077E00010BC08BCC0021043184741780078090259
:1077F00008437047C1788278090612040A43417829
:107800000078090211430843704700000248002134
:107810000170418070470000FC2D0040F8B50188E0
:1078200004002630FEF7B3FB00285CD12000203096
:1078300081790027861E002929D0082953D1C079D3
:10784000002850D120882230FDF7D2FE05002030DC
:107850008771C7712F852288210028002A312A309C
:10786000121F00F0C2FB280021882630FEF78FFB94
:107870002885208800230122288080200090310064
:10788000280000F089FA2800FFF7F0FC27E0174DE8
:107890002978C90727D0C079002824D129000422DB
:1078A0000C31300000F094FB002819D0608D0102EB
:1078B00000060843A988000C884214D120881A28A1
:1078C00011D1612021184039497B81420BD1401CE4
:1078D0007328F7DBA9680020FDF7C3FC2F70012097
:1078E000F8BC08BC18470020FAE70000FC2D004057
:1078F00010B5104C2078C00712D06088002805D041
:107900000D49097BC9070BD0401E08E060780028AC
:1079100009D0401E607000F013F80848007A6080BB
:1079200010BC08BC1847A1680120FDF79AFC002094
:107930002070F5E7FC2D0040E82E00406CB10000FF
:1079400038B51D4DE888401CE8803C20FDF750FE0E
:1079500004000821203081710021C1712185A8888F
:10796000010600020143090C6185E8880106000256
:107970000143090C6120A185211840394873401C3E
:107980007328F9DB20001A212630FEF700FB208542
:107990001A202080084980200090002301220C3109
:1079A000200000F0F9F905002000FFF75FFC280037
:1079B00038BC08BC18470000FC2D00400C4910B42E
:1079C00000220968083803E00A00096800290AD083
:1079D0008142F9D107484C6803681B1B002A0360E9
:1079E00003D00868106010BC704700204860FAE7B8
:1079F0006CB100009C2E004001C08FE21CFF2FE103
:107A000010B500F089F808480121016000210181CA
:107A10004181017305493C223C3800F0E6FAFAF74F
:107A2000D9F810BC08BC1847E82E004030B100005F
:107A3000F8B504000125102604270020002948D0AD
:107A40006168002904D02178C90705D020680EE0BC
:107A50000320F8BC08BC184720606068016800205B
:107A6000FDF7FFFB002851D02068284320601E212D
:107A7000884320606068002142690800FDF7F2FB3E
:107A8000010603D520681821084305E0C1073DD051
:107A9000800702D4206830432060606801680120BC
:107AA000FDF7DFFB002831D0206802210843206069
:107AB0002000FEF731FE002801D00220C9E720682F
:107AC000384320602000FAF7FBF8002822D1042078
:107AD000BFE72084616800290ED02178C9070BD147
:107AE00020606268E169A0681268FDF7BBFB0028AE
:107AF0000CD02068284320602068384320606168EB
:107B0000002905D08968002902D003E00120A0E700
:107B10003043206000209CE710B500F031F8174991
:107B200000220C684B681448E3181B1F23601A607E
:107B30006260026082818273C2734A6801231B04FF
:107B40009A4206D25300D218920842604A685208FC
:107B500006E001239B03D21A42604A685B00D21AF6
:107B60008260C97A4907890F02D04168490881605B
:107B700010BC08BC184700009C2E00406CB10000EF
:107B800070477047F8B50400808A0D0001020006B6
:107B900008432188060C30000E3081424BD3A07C74
:107BA0000009042847D1A07F00090001E02842D243
:107BB000002D0ED0032D34D0142068432549042213
:107BC000411820002230070000F002FA002807D0F8
:107BD00027E020001E3000F0ADF900282BD1EBE7A4
:107BE0001D490422380000F0F3F9002819D1002DB6
:107BF00021D13978380009090E290AD000F09AF904
:107C0000012809D02000FEF71BFC002813D0E07EDD
:107C100005E0F9F7FDFFF3E7E07E022801D0112827
:107C200009D12000123000F019F8002803D1208B70
:107C3000C021884303D00020F8BC08BC1847A07CB2
:107C40000007800E01000E31301A61802080012073
:107C5000F2E70000AC2E004002B2000010B501783F
:107C60000907890EFEF793F910BC08BC18470000FD
:107C7000F8B5070000782A4D7F280AD0294CE07A11
:107C8000C0071CD02849380000F044F9002839D139
:107C90000EE00320287125490422380000F098F9ED
:107CA000002801D1042028712048F8BC08BC1847DE
:107CB0000422FF21380000F0BBF9002822D1E17A2C
:107CC0001948143089070029009005DA01003800AE
:107CD00000F020F900281BD1E07A134E2836400727
:107CE00005D53100380000F015F9002814D1E17AEB
:107CF0000A2088430CD00906090E142088430BD0B3
:107D0000C80703D0002028710748CEE7880703D5AD
:107D1000012028710098C8E7022028713000C4E7CC
:107D2000D40200406CB10000AC2E004006B200004E
:107D30000149002008607047D4020040144810B583
:107D40000468002C20D0134A0121917361680160FE
:107D500003212000FFF716FF012812D1E07E012841
:107D600004D006280AD011280BD103E02000FFF729
:107D700055FD06E0200002F009FB02E0200001F0C2
:107D80005DFE2000FFF772FA10BC08BC1847000027
:107D9000D4020040E82E0040FFB50400012A81B063
:107DA00005D0022A03D0062A01D0112A7ED14948E3
:107DB00001260025022A867302D16088262841D038
:107DC0004520A0742088143020800004000C01029B
:107DD00000060843000C4049A082E37408880302AF
:107DE00007061F433B0C401CE382062A088036D05E
:107DF000002020830A98A076E276A5830298FFF7F8
:107E000037FF0100200004221E3000F0EEF82000B1
:107E100002990422223000F0E8F82000123000908D
:107E2000FFF71CFFA08320882B490E300004000CB4
:107E3000091D208009790B00FDF718FA05131A1F98
:107E4000234749004620A0742000942120308171EE
:107E50000421C1710572457220881830B4E74020B2
:107E6000C7E72000FEF780FB05B0F0BC08BC184750
:107E700021212000F9F7D2FEF6E7200001F08AFA6E
:107E8000F2E70121890727004018FDF7B1FB040044
:107E90000FD03A882000009912300E3A00F0A5F871
:107EA0000D496560091D0868002800E00FE002D058
:107EB00003E02800D8E70C6005E04168002901D004
:107EC0000800FAE744603000CEE70120CCE700204C
:107ED000CAE70000E82E0040D0020040012804D08C
:107EE000022804D003280DD105E0074800E0074828
:107EF000814205D206E0080105490009884201D304
:107F00000120704700207047F80F0000F8FF0000C4
:107F1000F8FFFF0F10B50C00FBF760FB2168414034
:107F2000A068014203D1012010BC08BC1847002002
:107F3000FAE7000010B5084CFBF750FB2268A16877
:107F400042400A4202D10143491C03D0002010BC28
:107F500008BC18470120FAE7AC2E004001C08FE2B0
:107F60001CFF2FE110B5164C0020617B012907D0C2
:107F70002073A073F9F740FEA07B10BC08BC184723
:107F800001226073A273217B0E4B1143217362891E
:107F90005B7AD2181204120C7D23DB009A426281B4
:107FA000E8D360812089084A401C208102200143D7
:107FB000217360680549504340186060DAE70000AB
:107FC000E82E00406CB100006D4EC6413930000013
:107FD00010B406E0835C8C5CA34202D0002010BC8D
:107FE0007047521EF6D50120F9E7030010B40020B7
:107FF00002E00C5C1C54401C9042FADB10BC1000E8
:10800000704770B504000D000020C04306E02278E0
:1080100001001000FFF70AFB641C6D1E002DF6D155
:1080200070BC08BC1847521E01D48154FBE770474E
:1080300004E0835C8B4201D000207047521EF8D5CB
:108040000120704710B5002807D002280ED0032861
:108050000ED0002010BC08BC18479068C0690028EA
:1080600002D0FDF7FDF8F5E78020F3E75068F1E76F
:10807000100000F0ADFAEDE7F0B50C00002889B073
:1080800002D001287ED107E088680068FDF7E8F893
:1080900009B0F0BC08BC1847A06881690120FDF751
:1080A000E0F8A0684169FF209130FDF7DAF800257B
:1080B000A0688168FF20FDF7D4F86D1C102DF7D360
:1080C000A06881690020FDF7CCF800222300110090
:1080D000100000F0A3F905000026012D08D0A068CB
:1080E0008168FF20FDF7BDF80500761C642EF4D3EF
:1080F000A06881690120FDF7B4F8012DC2D10020EC
:108100002070A06881690020FDF7ABF8042768465D
:10811000FF2107702300AB3108206A4600F07EF98A
:10812000012811D16846007800280DD168464078B2
:10813000002809D168468078012805D16846C078B2
:10814000AA2801D103202070A06881690120FDF7D1
:1081500088F80025A06881690020FDF782F80022D8
:1081600023001100372000F059F90600A06881694A
:108170000120FDF776F870071ED4012E18D1A068F3
:10818000816900E05CE00020FDF76BF820780328AF
:1081900016D00020810723000022292000F03EF99C
:1081A0000600A06881690120FDF75BF8002E09D068
:1081B00045486D1C8542CDD32078032807D021E0A7
:1081C0000120E7E72078032801D002203AE0A068E8
:1081D00081690020FDF745F86846077023000021FB
:1081E0003A206A4600F01AF90500A068816901206A
:1081F000FDF737F8002D05D168460078400601D517
:10820000277020E0207800281DD12F4F0025A0687E
:1082100081690020FDF725F80022230011000120CC
:1082200000F0FCF80600A06881690120FDF719F84C
:10823000012E02D0002E3AD103E06D1CBD42E6D3E0
:1082400035E001202070200005A900F0E5F90028A4
:1082500000D11DE7A1686846808B4969FDF701F8E8
:10826000A06881690020FCF7FCFF012123000022A7
:108270004902102000F0D2F80500A06881690120B1
:10828000FCF7EFFF002D12D1A06881690020FCF7F8
:10829000E8FF0022230011003B2000F0BFF805009A
:1082A000A06881690120FCF7DCFF002D01D00020CF
:1082B000EEE6200001A900F08BF90028F8D0019823
:1082C00060600120E4E6000050C3000030B50D00FE
:1082D000040089B0280004A900F07AF9002823D00E
:1082E000049801A96860280000F096F900281BD0C6
:1082F00069460889A0804989C21FFF3AE180019937
:10830000FA3A21600FD0FF3AFF3A921E12D00123B1
:108310009B029A420CD189002160012149028842C6
:1083200001D9A180E180012009B030BC08BC184708
:108330000020F9E74900EFE7F8B5070098680E005C
:1083400081691D0014000020FCF78BFF2B00220028
:108350003100380000F0FCF80600012C10D9002292
:108360002B0011000C2000F059F80A4CA868816815
:10837000FF20FCF776FFFF2802D0641EF6D100260E
:10838000A86881690120FCF76CFF3000F8BC08BCCC
:108390001847000020A10700002803D0012804D0BE
:1083A00000207047886840680047002008704860D7
:1083B00001207047F8B5070098680E0081691C001D
:1083C00015000020FCF74DFF23002A003100380083
:1083D00000F0C6F90600012D14D9A0688168FD20BF
:1083E000FCF73FFFA0688168FF20FCF73AFF0A4DC9
:1083F000A0688168FF20FCF734FFFF2802D06D1EC3
:10840000F6D10026A06881690120FCF72AFF300020
:10841000F8BC08BC1847000020A10700FEB51400F6
:10842000402210436A461070080E5070080C90707D
:10843000080AD070002011711D0001008926360243
:108440004B0704D1CB08052B01D2D35C184303049E
:1084500000D570404000491C3029F1D3000A0121A9
:1084600008435071A8688168FF20FCF7FAFEA868ED
:108470000621C2686846FCF7F5FE0027A8688168F7
:10848000FF20FCF7EEFE0600FF2802D17F1C082F1C
:10849000F4D3002C0AD0277806E0A8688168FF2072
:1084A000FCF7DFFE2070641C7F1EF6D23006FEBC97
:1084B00008BC000E1847002330B40B604B608B6083
:1084C0000128CB601078887124D05078937800020E
:1084D00018438880D078887310794873507908736E
:1084E0009079C872D0798872107AC871537A107BEB
:1084F000947AD57A1B06184323042C02234318438D
:108500000860507B927B000210430005000D08813B
:1085100030BC704790788880D078C87310798873A1
:108520005079487390790873D079C872107A88723C
:10853000507AC871937A507BD47A157B1B06184306
:1085400023042C02234318430860907BDFE70000DC
:10855000F8B51C0016000F001125012A00D91225BC
:108560002178042900D24002010000222800FFF7F0
:1085700055FF002828D121E0144DA0688168FF2014
:10858000FCF76FFEFE2802D06D1EF6D11CE0002D18
:108590001AD0A0680121026949023800FCF762FE86
:1085A000A0688168FF20FCF75CFEA0688168FF205E
:1085B000FCF757FEFF37761EFF370237002EDBD160
:1085C0000120F8BC08BC18470020FAE7A8610000A9
:1085D0007FB50D00040000291CD0A068816900202F
:1085E000FCF73FFE230010220A20694600F088F8BD
:1085F0000600A06881690120FCF733FE002E09D037
:10860000207829006A46FFF756FF012004B070BCAD
:1086100008BC18470020F9E77FB50C0005000029C9
:108620003FD0A86881690020FCF71BFE2B001022B8
:108630000920694600F064F80600A86881690120F5
:10864000FCF70FFE002E2CD0694648790207012066
:10865000120F01009140A1806946097B0A02694618
:10866000497B0A439105090F88406946E080C87834
:10867000224A41074006000F105C490F208100206C
:10868000491C04E022890A235A43401C2281884263
:10869000F8D368460078800908D001281DD0022848
:1086A00004D0002004B070BC08BC18476946887923
:1086B000C9790004090208436946097A08436946F2
:1086C000497A8003000D0A026946897A401C0A43F0
:1086D0009105490F891C88400DE06946C879097ADF
:1086E0000004090208436946497A0843000401214D
:1086F00080098902401820600120D3E710B20000F1
:10870000F8B516000F0000221D001100FFF786FECD
:10871000002820D1114CA8688168FF20FCF7A1FD3A
:10872000FE2802D0641EF6D115E0002C13D0A868F4
:10873000310002693800FCF795FDA8688168FF20C8
:10874000FCF78FFDA8688168FF20FCF78AFD0120F7
:10875000F8BC08BC18470020FAE70000A861000038
:10876000FFB51C0015001826012A81B000D9192672
:108770002178042900D24002010000223000FFF7D6
:108780004DFE00283DD1FE27012D33D9FC2731E0D5
:10879000A06881683800FCF764FDA0680121C26808
:1087A00002984902FCF75EFDA0688168FF20FCF793
:1087B00058FDA0688168FF20FCF753FDA068816820
:1087C000FF20FCF74EFD0007000F052819D10E4EC3
:1087D000A0688168FF20FCF744FDFF2802D0761EC8
:1087E000F6D10EE0002E0CD00298FF30FF300230A0
:1087F0006D1E0290002DCBD1012005B0F0BC08BC4D
:1088000018470020F9E7000040420F00014900200E
:1088100048707047E2020040054810B50021C18051
:1088200001814170FEF718FB10BC08BC184700001E
:10883000E202004070B5174C05002178202903D2D0
:1088400015484554491C217014480426007A20819B
:108850006079012806D0104811A100F035FE0128EA
:1088600010D005E00C4812A100F02EFE012803D024
:10887000002070BC08BC18470FA000F007FCFEF7F2
:10888000EBFA03E0FEF7E8FA0020207101206670A1
:10889000EFE70000E2020040F82E00406CB100005B
:1088A000434C49454E545345525645520000000032
:1088B000434C49454E540000434C49454E545345A2
:1088C000525645520D00000010B50D4C208900286D
:1088D00006D0401E0004000C208101D1FEF7BCFA36
:1088E000E088002804D0401E0004000CE08004D181
:1088F0006078052801D100F0EFFA10BC08BC1847D9
:10890000E2020040F3B5002683B00324012701965C
:10891000009639E00398C0192038C57F2A2D01D16F
:10892000042004432800FDF73FFB022801D164081E
:108930006400002E06D00198401C0328019001D944
:10894000640864002E2D14D028006138192802D93B
:108950002030192808D80098002804D068408006E4
:1089600001D5640864000095082F0CD9002E08D0AA
:1089700009E0761C3606360E012EF5D9640864002F
:10898000F2E7640864007F1C04988742C2D9200083
:1089900005B0F0BC08BC1847F7B50E00070000246E
:1089A000080084B004E0395C2E2901D1041E01D1F5
:1089B000401EF8D2002500E06D1C785D202803D110
:1089C000B542F9D305E06D1C785D2E2801D1B54282
:1089D000F9D300200190029020E0785D2E280090CD
:1089E0000FD0202819D00198082816D20098FDF73A
:1089F000DBFA012808D006995F2008700120029058
:108A000005E0A5420FD008E000990698017006988D
:108A1000401C06900198401C01906D1CB54202D28A
:108A200001980828D9D3002C0ED0002006E03A5D2A
:108A300006990A700699491C641C0691B44203D237
:108A40000100401C0429F2D306980021017002980D
:108A500007B0F0BC08BC1847002210B5D243FDF7A0
:108A600041FE10BC08BC1847F8B5060047480D0089
:108A7000814201D9062012E04548854201D90520EE
:108A80000DE04448854201D9042008E0632D01D956
:108A9000032004E0092D01D9022000E00120002775
:108AA0003C0002E02E2904D0641C315D0029F9D17C
:108AB0000DE027000021641C6B4602E05A54491C5B
:108AC000641C325D002AF9D13C0000E0641E2118CC
:108AD0000829FBD27E213155641C0300FCF7C6FB3C
:108AE000074340362C201405430028492800491C20
:108AF000FBF758FF2549491C41436D1A092800D945
:108B0000092030303055641C21492800491CFBF7EE
:108B100049FF1F49491C414330306D1A3055641CD0
:108B20007D21C9002800FBF73DFF7D21C90041439D
:108B300030306D1A3055641C64212800FBF732FF79
:108B40006421414330306D1A3055641C0A212800DD
:108B5000FBF728FF0A21414330306D1A3055641C61
:108B600030353555641C002F0AD02E20305500209A
:108B7000641C69460A5C401C3255641C0328F9D306
:108B800000203055F8BC08BC012018479F86010022
:108B90000F270000E703000030B4002313700378B0
:108BA0005C2B01D02F2B00D1401C0023040001E0DE
:108BB000401C5B1C0578002D03D05C2D01D02F2DAF
:108BC000F6D10B70E11808785C2801D02F2803D16A
:108BD00010780823184310700878002802D04878CD
:108BE000002803D11078102108431070200030BCF9
:108BF000704701784278090612040A438178C078E8
:108C000009021143084370470A0E02700A0C4270B1
:108C10000A0A8270C1707047F7B594B0002604004C
:108C200006730D300A9020000C300D90001D0EAF21
:108C30000990217BA0684018A06066730A9A0D997C
:108C4000FFF7AAFFA060217B002912D0FFF75AFE90
:108C5000617B0843810760730BD01599002902D00E
:108C600008210843607301202076607BC00705D08F
:108C700032E0052017B0F0BC08BC1847257B0D2159
:108C800028000C30FBF78EFE401C2076A0682900DF
:108C90000EAAFFF781FE1C22210002A8FAF7A2FB10
:108CA0000125049729006D1C0EA8FFF7DDFE0028A2
:108CB00074D00EA8FAF708FB69460875169902A841
:108CC000FEF78AFA0C2803D1169902A8FEF74CF990
:108CD0000028E7D00C28CDD1217E2068169B099A68
:108CE000FEF7DCF8002859D11698016F0520F8F737
:108CF000F7FF0C90607B000715D51698002201A99C
:108D0000FCF7D6FC002849D001991698FDF79CF98C
:108D1000002843D02068169A0199FDF7CBF9002866
:108D20003CD1102501E020250196207E012806D1A6
:108D3000227BA1680EA8FAF7E9FA207B3E540EA91F
:108D4000080000F010FA207E01281DD90C98002898
:108D500012D0217BA068FFF77FFE0C991831FAF73B
:108D60004FFC0C9920692431FAF74AFCA08A0C992F
:108D700020310873000A48730EA800F095FB01002B
:108D8000169A2000FDF7FEF91698019A00900999AD
:108D90002B000EA8FDF762FA002801D0012069E738
:108DA0000C98002820D01C301290FAF717FC010014
:108DB0000EA800F026FA1299FAF722FC0C99206905
:108DC0002831FAF71DFCA18A0C9822300173090A98
:108DD00041730C99207E2031FAF712FC169800217D
:108DE000026F0C98F8F77EFF102D06D101982060D5
:108DF0001698016F0020F8F773FF607BC00600D45F
:108E000017E7002036E7F3B50027060004000D360B
:108E100081B0751E0773207BA16832000818A0601E
:108E200029006773FFF7B8FEA060217B00291DD0E1
:108E3000FFF768FD617B0843410760732ED480070C
:108E400014D002992000FEF7C7F90C2803D102992B
:108E50002000FEF789F8002809D1607BC006800F4A
:108E6000012818D16068C17AC90603D40520FEBC68
:108E700008BC18471430FEF7B8FC00042060606896
:108E80001A30FEF7B2FC2168084320600298016F97
:108E90000020F8F725FF607BC006BCD50020E6E780
:108EA00070B5FF2604000136002511E0641C5C2823
:108EB00005D02F2803D0FDF777F8002806D06D1CC9
:108EC000B54205D3022070BC08BC18470120FAE760
:108ED00020780028EAD1F6E710B5144C0120A178DB
:108EE00000290BD0012906D12179012915D00420B0
:108EF00060700220A07010BC08BC1847052161708A
:108F00000321E1702071A07009A000F0BFF80A48A9
:108F1000007A41004018E080EDE7E178491E09063B
:108F2000090EE170F0D16070E5E70000E202004058
:108F3000434C49454E540D006CB1000001C08FE216
:108F40001CFF2FE1094A10B513785478591CC90643
:108F5000C90E8C4206D09B009B185860117010BC43
:108F600008BC1847FEF72AFDF9E700000C2E004068
:108F7000F8B50400C06816000D00002804D02700D2
:108F800060373979002906D02900200000F030F838
:108F9000F8BC08BC18477A79002A10D0A16DA94204
:108FA0000DD88A18AA420AD9206E691A49024118B6
:108FB0000122E06D5202FAF7A9F9656516E0B042A8
:108FC00000D206006068E16D836832002800FCF77B
:108FD0004AF9012805D00020C0436065002078715F
:108FE000D6E765656D1C761EA5657E710120CFE70D
:108FF00070B50400406D0D00A84203D1012070BC83
:1090000008BC1847A06DA8420ED86421095D41181C
:10901000A94209D9216E281A400209180122E06DDF
:109020005202FAF773F90DE06068E16D836801227E
:109030002800FCF718F9012804D00020C04360651F
:109040000020DCE76565D9E7F8B50F4DEA7B002A1B
:1090500005D00320F8F782FDF8BC08BC1847018052
:109060000400083C0F3160688E08B600B042F3D9A6
:10907000871BFEF785FD66602868C01B28600020FE
:10908000E873FEF77EFDE7E79C2E004010B5040074
:1090900002E0641CFCF7CEF820780028F9D110BC5F
:1090A00008BC1847F8B50D680E0004002900FEF74B
:1090B000EBFA010000902000FCF71AFF002807D00F
:1090C000207F012807D0022827D003282CD0002099
:1090D000F8BC08BC18470320800568431749C00D39
:1090E000884204D2E16C0818FEF77FFB0EE0E06CCA
:1090F0000099FF30E130C77F2000491CFCF7F8FEE3
:109100000028E5D0E06C007800023843E90701D080
:1091100000090FE00005000D0CE0E16C2806C00D11
:109120000818FEF762FB05E0E16C6806C00D081840
:10913000FEF760FB30600120CAE70000FF0100007D
:10914000017F032901D000207047006C70470A0A94
:109150004270017070470A0EC2700A0C82700A0ACF
:109160004270017070473EB4002320246A46D454F4
:109170005B1C0B2BFBD3002302E0491CD4545B1C6B
:109180000C78002C0AD02E2CF7D10823491C02E0C1
:10919000491CD4545B1C0C78002CF9D10021DF242D
:1091A000535C1D00613D192D00D823404354491CD8
:1091B0000B29F5D33EBC7047030010B408200A18F1
:1091C000203AD27F202A01D0002205E0401EF6D1AD
:1091D00004E08C5C9C54521C8242FAD30A7A202A06
:1091E0000BD02E221A540822401C8C5C202C04D058
:1091F0001C54401C521C0B2AF7D30021195410BCDC
:1092000070471FB501006846FFF7D6FF0022010036
:10921000D2436846FDF766FA04B010BC08BC184794
:1092200010B5FCF70BF8FFF7F7FA044800210170BE
:109230004160816010BC08BC18470000902E0040BF
:10924000F8B5334C0026FD27FBF7FCFF0500401C5A
:109250000AD12078C10727D0012E22D061880029A9
:1092600022D13840C025207020780126C1071ED0A9
:10927000410708D40421084320702648FCF7B8F9B8
:109280000E21606041802078810705D53840DC2DB3
:1092900020701BD0DD2D1BD0C02D2AD0DB2D18D186
:1092A00021E01D4800886080F8BC08BC1847810692
:1092B00001D5C02D08D02806000EFFF7BBFA012803
:1092C000C2D12078202111E001210FE0C02500E06B
:1092D000DB2560680F4A41889142B5D24218491C8B
:1092E00041801571B0E70006000E0221084320708E
:1092F000AAE7606840880E28A6D060684188FFF71A
:10930000A3FE20780821C008C00008432070CBE7E6
:10931000902E0040DC05000088B1000070B51B4DA8
:109320001B4C287BC00706D0FFF7CEFA60880028C8
:1093300001D0401E6080FFF783FF00F051F82078D5
:1093400000071FD50120A87360680221FEF71AFCF0
:10935000012810D16068C17E012904D0062908D0F7
:10936000112908D102E0FEF759FA04E001F00EF8E5
:1093700001E000F063FB6068FDF778FF2078F721DB
:109380000840207070BC08BC18470000E82E004060
:10939000902E004070B505000020FCF73BFD002832
:1093A00018D02888FCF724F904002A88291D001DFC
:1093B000FEF71BFE0D206080084900206060886871
:1093C000002802D18C6004E0080041680029FBD12C
:1093D0004460012070BC08BC18470000902E00407B
:1093E000F8B52F4C20000078A668002E15D0810615
:1093F0004DD575880D2D23D0777C3800FBF71AFFEB
:10940000002823D0002D1ED0012D40D070190779DF
:10941000C02F2AD0DB2F34D11BE040060DD5FBF73F
:1094200015FF012809D0FFF7F1F92078400702D590
:109430006068FDF71BFF00202070F8BC08BC1847CF
:10944000EF2108402070C0276D1CD6E77580777427
:10945000F3E72078C10603D4102108432070CCE73D
:10946000EF210840DD2720700BE02078C10604D4EE
:1094700010210843DB272070BFE7EF210840DC27DD
:10948000207030886D1C8542B7D30025B5E7706821
:10949000A0603000FDF7EAFE024901208873CCE7A6
:1094A000902E0040E82E0040020000200100C3077B
:1094B00000D0802340081818535C491CC0180006CF
:1094C000000E0B29F3D3704706E00378934201D0D6
:1094D00000207047401C491C0A78002AF5D1012061
:1094E00070470000054810B50279442100684A43DE
:1094F0000021FEF798FD10BC08BC184794B100008D
:1095000001C08FE21CFF2FE110B5002814D0184BCA
:109510001A79824210D300290ED0442460431A687D
:10952000443810184278D20706D00278012A07D0B2
:10953000022A05D0092A03D0002010BC08BC184715
:109540000222027000228270028141814321C900FF
:109550008181598AC18682858261C26182638275F6
:10956000C26304220021001DFEF75DFD0120E4E737
:1095700094B10000F8B5274E0500377934680C31F6
:1095800000911BE02078022816D9288801020006E5
:1095900008432189000C88420ED168880102000628
:1095A00008436189000C884206D100990422201DDD
:1095B000FEF70EFD01280CD044347F1E002FE1DCA5
:1095C000687B1521084223D1800721D53079346882
:1095D0001CE02000F8BC08BC18472178022913D1F0
:1095E00069880A02090611436289090C91420BD16C
:1095F00000990422201DFEF7F8FC288801060002CD
:109600000143080C2081E4E7401E44340028E4DCD8
:109610000020DFE794B10000F0B40A7B92089508BF
:10962000AD00143D26D043240022E400124B143137
:109630001EE08E5C002E1DD0012E02D0022E12D113
:1096400001E0521C14E08F187E78042E0BD1BE78F6
:10965000FF7836023E439E4201D91E0002E0A64238
:1096600000D2260086818E187678002E02D0B2189D
:10967000AA42DED3F0BC7047B405000001C08FE2FF
:109680001CFF2FE1F8B59F489F4D037BD80713D0EF
:10969000286800210DE0428A002A01D0521E428231
:1096A0009A0704D5028A002A01D0521E0282443051
:1096B000491C2A798A42EEDC002609E193480178A8
:1096C000491C0906090E01702A79914201D901212C
:1096D0000170007844222968504344380C182078DF
:1096E0000300FBF7C3FD0BF4F4F4BBABD9EAD9D903
:1096F000CC07F400A078C00708D0E169A0698842CF
:1097000004D11121200000F0DBFC58E0207D00286E
:1097100008D07C49097BC90704D0401E0006000E12
:1097200020751AD0208A002819D0A378242003425B
:109730005BD0618EA08DA769E269D21B814200D205
:109740000800A189891881424FD8580739D52000CF
:1097500000F0FAFBF8BC08BC18471021A9E06078BB
:10976000C0061DD5A078800706D4A0784221084302
:10977000A0706879A0750BE0608A00287ED1A07D7A
:10978000002808D0401EA075A07840210843A07092
:10979000E8886082E1E7A07810210843A0709CE08F
:1097A0001121200000F08CFCA0781021221D08431C
:1097B000A0702389607D256C0221FBF755FD0521F2
:1097C0009CE00120FCF726FB00280ED0A078102199
:1097D000221D0843A0702389607D276C0421FBF7BC
:1097E00044FDA078CF210840A070E169A0698842BB
:1097F0006DD0608A00286AD1A07D00281AD0401E52
:10980000A075608EA18988420AD9A28D824200D2B9
:10981000100040084A00824200D31000A0866186F2
:109820000020E075A078F7210840A070200000F02B
:109830007EFB8CE7200000F06BFBACE7608A002821
:1098400045D1A069E061A07D002846D0401EA075EA
:109850006889608200200221A0862AE0608A0028B0
:1098600035D1A069E061A07D002836D0401EA075EA
:10987000E888608200201221A0861AE00BE0608A4E
:10988000002824D16078C00701D0022100E0012126
:10989000200000F0BBFC1AE0608A002817D1A06904
:1098A000E061A07D002818D0401EA075E888112135
:1098B0006082200000F004FC4CE7608A002806D19A
:1098C000A07D002809D0401EA075E8886082761C23
:1098D0002879B04200D9F1E63CE70421200000F0ED
:1098E000EFFB2389607D256C221D0321FBF7BCFC67
:1098F0006078C00701D0022100E00121200000F0C3
:1099000085FC27E7E82E004094B10000DC0200400F
:10991000F8B582690400C06B0D00010004E0838982
:109920009A18954203D040680028F8D101E0002839
:1099300006D1531C9D424BD1A378DB0748D01500BC
:10994000A561226A521B00D525628A68002A11D0BF
:10995000214B1F682E23E35EBA1ADE10921B9B1860
:10996000002AE38500DA52423023E35E9E10921B08
:109970009A18228600220028E26308D04368E36335
:10998000426004E04E680800FDF770FC31000029D9
:10999000F8D1A078010707D5216A691A18D4F721F0
:1099A0000840A070A08E12E0618EA08E0B4D814207
:1099B00004D8A089401808E0280008E0A2890E0019
:1099C00010005043F9F72EFE8019A842F4D86086A3
:1099D000F8BC08BC18470000E82E0040FFFF00005C
:1099E00010B5C17D03290BD30DD08178090707D5A8
:1099F000418E8389104AC918914200D911004186CD
:109A000010BC08BC1847828D418E8A4200D21100DA
:109A1000838949085A008A4200D311005A009A18D3
:109A2000818651184186C1690822016281781143FB
:109A3000817000F07CFAE3E7FFFF0000F1B584B02D
:109A400004984188001D02900E18307B8008800821
:109A50008000142865D3049A1288824261D30918C1
:109A6000049B101A598000040499000C00903000E7
:109A70001231FFF77FFD040004981E30002C019086
:109A800034D00498002204212230FCF7BDFA0200F1
:109A900001980421FCF7B8FA0499CA7E010010006D
:109AA000FCF7CCFA04990A8801001000FCF7C6FA0A
:109AB0000499020009883000FCF7A6FAC0430004AC
:109AC000000C2ED1301DFFF794F80500300008304F
:109AD000FFF78FF807002078801E0300FBF7C6FB16
:109AE00009F3F1F0EFEEEDECEB08EA00010080E1A4
:109AF000707B41070AD5A06BA84271D0291A10D4F7
:109B0000E18E4018281A0CD51021E8E181070CD508
:109B1000C00606D5A06B6D1CA84202D1E069B84210
:109B2000F2D005B0F0BC08BC1847C006F9D5A06952
:109B300000213A1A844618D4E069381A002814DC47
:109B4000F089020200061043A26A000CD21B07D45F
:109B5000626A531B04D4AA4207D1A28D824204D266
:109B6000A18DA085A762411A6562E26994452AD059
:109B7000206A381A002810DC009800280FD1707B6A
:109B8000C0070CD100290AD1E07DFF2801D2401C7A
:109B9000E0752000FFF724FF01E00020E0753900A8
:109BA0002000FFF7B5FEA078C0070CD0E069B842EE
:109BB00004D10521200000F029FB21E17F1CB842DF
:109BC00001D1052162E1A078FD210840A070A16BC0
:109BD000A94206D06D1CA94296D1E089208293E764
:109BE0001FE110210843A0700099002923D0E18EC5
:109BF000002920D0810609D5DF210840A0702389E3
:109C0000607D256C221D0421FBF72EFBBD4F00203B
:109C100078700498256C41880298009B0A18607D32
:109C20000521FBF721FB7878002800D079E7A16BAC
:109C300000980818A063707BC00713D0E169A06981
:109C400088420FD12389607D256C221D0221FBF7FC
:109C50000BFBA06B1121401CA063200000F030FA28
:109C6000082113E1A078EF210840A0700098002897
:109C70001DD06178080707D5E08E009A904201D97F
:109C8000801A00E00020E08648070AD5207D0028E1
:109C900007D1E08E002804D09B48807A401C2075B4
:109CA00005E0002020751021200000F009FAE0896D
:109CB000208236E722E116E1FDE0EBE0C7E09CE020
:109CC00068E034E0FFE7707B410701D50221DDE069
:109CD000C10627D4800725D52389607D276C221DE6
:109CE0000021FBF7C2FA00281CD031002000FFF74A
:109CF00093FCFDF753FDA061E0612062F08901064D
:109D000000020143080CA085681E6D1CA5636062FB
:109D10000020C043A0860020E075E0857B48C08815
:109D200020865FE00199300000F027FACEE7707BD3
:109D3000410776D4810714D5C006BAD5E069B84288
:109D4000B7D1200000F050FAF0890106000201436B
:109D5000080CA085681E6D1CA5636062E069A061A7
:109D600035E0C10613D5E069B842A2D1A06BA84284
:109D70009FD1200000F038FAE069A0612389607D5E
:109D8000256C221D0121FBF76FFA0A217EE0800776
:109D90008FD42DE0707B410743D4810728D5C006BE
:109DA0001AD5E069B84284D131002000FFF734FCB5
:109DB000200000F019FAE069A061F08901060002B4
:109DC0000143080CA085681E6D1CA563606210210C
:109DD000200000F075F9D1E731002000FFF71CFCEE
:109DE0006D1CA5631221200000F06AF903214DE0EB
:109DF0000199300000F0C1F993E6707B400775D4FB
:109E0000707BC10718D0C0060CD5E069B84202D0FB
:109E1000A169B942F0D100996918491CA163A061F8
:109E20001EE063E0009810212818401CA063200069
:109E300000F046F9072129E0C006DDD5E069791C6C
:109E40008842D9D0B842D7D10621A0611EE0707BEC
:109E500041074BD4C10709D000982818401CA063C3
:109E60001021200000F02CF909210FE00107C3D5D3
:109E7000C006C1D5E069B842BED1009814212818A7
:109E8000A063200000F01CF91EE00121200000F07A
:109E9000BDF946E6707B410728D4C10604D5E069C8
:109EA000B842A9D1A061DFE7C007A5D00098281863
:109EB000401CA06328E6707B410717D4C10607D574
:109EC000E069B84298D1A0616078C007DDD0FDE6B6
:109ED000C00791D000982818401C1121A0632000D1
:109EE00000F0EEF81DE6707B4107DDD52389607D2B
:109EF000256C221D0321FBF7B7F9E5E70620F7F7EC
:109F00002DFE0EE6DC0200406CB1000094B10000B2
:109F1000010010B5C06B0022CA6303E04468FDF77E
:109F2000A5F920000028F9D110BC08BC1847817899
:109F3000042211438170C06B002102E08160C18165
:109F400040680028FAD17047F8B504008069E56BD5
:109F5000FB2605E0E989002905D0A9896D68081864
:109F6000002DF7D119E0002D17D01D49A27D4979A8
:109F7000891A072900D907212E22A25E238ED2102A
:109F8000D2188A406282E18980222182A17811431D
:109F9000A1706F68002F0ED011E0A178C90704D01E
:109FA000E0611121200000F08BF8A0783040A07013
:109FB000F8BC08BC1847CA0701D13140A170AE896E
:109FC000A86001203200C00302432900200000F0F5
:109FD000ABF86F60AE810020EE81A860E8E700007A
:109FE00094B1000001C08FE21CFF2FE1F8B50D0015
:109FF00016003A3D002902D06988362903D0002096
:10A00000F8BC08BC1847002837D02B4F397981425B
:10A0100033D344225043396844380C1820780A2836
:10A020002BD1A078C10728D1C10626D4800624D41C
:10A03000A089B04221D3002E1FD031003631280034
:10A04000FFF702F8A078202108434107A07018D438
:10A0500080210843FD210840A07032002900200023
:10A0600000F062F82E20205E218EC0104018608221
:10A070007879A075E089208206E02800FDF7F6F8DF
:10A08000BDE7E0698019E061002068600B49AE819E
:10A09000E8810968A960A178490700D5A860E06B4C
:10A0A000002802D1E56304E0080041680029FBD1E3
:10A0B00045600120A4E7000094B10000E82E0040B4
:10A0C00070B504000E003A20FBF792FA002105005B
:10A0D00001806089A8802089E880E069A860A07874
:10A0E000420605D5BF221040A070A868401EA86097
:10A0F000B00702D0E069401CE061A06B7207E86025
:10A1000002D5F00600D4E960E08E2882AE74E078D3
:10A11000E8742175211D280000F0AEF82800FDF735
:10A12000A5F870BC08BC18470B00510410B5490CC9
:10A130001980448912049C800489DC8004D4C2699B
:10A140009A60C2695118C161816B1022D960C18EB9
:10A1500019829A7481780A0604D54906490E8170DD
:10A1600018219974C178D97400210175011D180056
:10A1700000F082F810BC08BC1847F8B50500407B19
:10A180000F0040072CD43620FBF732FA00260400DB
:10A1900006806888010600020143080CA080288818
:10A1A000010600020143080CE08028000830FEF799
:10A1B00020FDA060281DFEF71CFDE060687B1221D9
:10A1C000084202D00420E66000E01420A074268239
:10A1D00039002000E67400F04FF82000FDF746F843
:10A1E000F8BC08BC18470000828E8189002A04D080
:10A1F000054A914204D8890004E04A00828601E0C1
:10A200004A008918418670474704000010B5194A72
:10A2100000240B000170FBF729F80B232323160BF6
:10A220001D1D1D1D070F210011894182847515E038
:10A2300091894182117D10E0C189FD2301828178DD
:10A24000194081700475D18841825179817510BCA3
:10A2500008BC1847D2880121428281750482F6E742
:10A260004321C90084708181518AC186FFF750FE65
:10A27000EDE7000094B10000F8B504000500808807
:10A280000E002635010600020143080C2880E088F4
:10A29000010600020143080C6880A168281DFEF732
:10A2A000B3FC2800E1680830FEF7AEFC50202873AC
:10A2B000A07C6873208A010600020143080CE88133
:10A2C00000202882688220886080A07C80070DD5CD
:10A2D0001E49602061871E490A7C0B8A11061A02FA
:10A2E0001143090CA1872873042020802088143092
:10A2F00020803000FDF7BCFC00220421FBF784FE27
:10A30000020004213000FBF77FFE01000620FBF76E
:10A3100095FE228801001000FBF790FE02002188C4
:10A320002800FBF771FEC0430004000C0106000288
:10A330000143080C288280200090E37C0622310033
:10A340002000FDF729FDF8BC08BC184702040000F6
:10A3500094B1000001C08FE21CFF2FE103480121EE
:10A3600041730168491C016070470000E82E0040FD
:10A37000054810B502790C2100684A430021FDF719
:10A3800052FE10BC08BC18478CB10000FEB54188D5
:10A390000500001D0C18A088010200060843000CEF
:10A3A000082850D32C4901200E6851E03278022A47
:10A3B0004CD16288130212061A43B388120C9A42D7
:10A3C00044D107063F0E3ED0717828001E30890721
:10A3D000019027D5E088002824D0280000220421FD
:10A3E0002230FBF711FE020001980421FBF70CFE5E
:10A3F000EA7E01001000FBF721FE0100A0880206A2
:10A4000000020243100CFBF719FE0200A0880106AF
:10A4100000020143090C2000FBF7F6FDC0430004D5
:10A42000000C10D128882300083308380004000CE1
:10A4300000902088B5680106000201430A0C0199CA
:10A440003800FAF711FFFEBC08BC1847401C0C3658
:10A450000A798242AADAF6E78CB10000F0B506006C
:10A460000D00040001274036022985B07ED37CE030
:10A47000E06EA84200D9E56629002000FDF704F946
:10A48000010002902000FBF733FD00287DD0207FE3
:10A49000012804D0022848D0032875D150E00320B9
:10A4A000800568433F49C00D8842019015D2E16C98
:10A4B0000818FDF79AF9E90703D00107090F000909
:10A4C00004E00F21090301400005000D0090E26C3B
:10A4D00001981018FEF73BFE3FE0E06CEA07FF3002
:10A4E000E130C17F002A009102D00907090F00E086
:10A4F0000021C177377402992000491CFBF7F8FC52
:10A50000002842D0E26C009B1078ED07010219434D
:10A51000002D03D000201070080904E0000900019C
:10A5200010700805000D009017E02806C50DE06CBE
:10A530004019FDF75AF90090E16C002048530CE0F7
:10A540006806C50DE06C4019FDF754F90090E16C08
:10A5500000204851A06E401CA0663774207F0099EF
:10A56000FDF7BCFC012814D0009D02E017E00CE0D0
:10A570000AE0206B801CA84200D979E70021200066
:10A58000FBF7B6FC002800D0002005B0F0BC08BCEA
:10A59000184700212000FBF7ABFC0028F5D0012074
:10A5A000F3E70000FF010000F8B50E00C1680400E9
:10A5B00000291AD0250000276035002E1ED06665C0
:10A5C0002A79002A40D0A06D8318B34223D18A4251
:10A5D00021D25102206E01224018E16D5202F8F79B
:10A5E00095FE2879401C287122E0002E20D0002200
:10A5F000310000F0B5F800281BD019E02A79002AB4
:10A6000016D06368216EA06DDB68FAF72CFE002877
:10A610000FD02F710CE0B0420ED8B3420CD9216E8E
:10A62000301A400208180122E16D5202F8F76EFE5E
:10A630000120F8BC08BC18476368216EDB68FAF794
:10A6400012FE0028F5D02F710122E16D206E52021A
:10A65000F8F75CFE0120A66528716F71E8E700003D
:10A66000FEB515000E000400FDF70EF80100019084
:10A670002000FBF73DFC00280AD0217F200040305D
:10A680000129009007D002294AD003294FD0002089
:10A69000FEBC08BC18470320800570432F492D05D8
:10A6A0002D0DC70D8F4214D2E06CC019FDF79DF837
:10A6B000F10704D00107090F2801014304E00F212D
:10A6C0000903084028430100E06CC019FEF73FFD74
:10A6D0003FE0F007E06C08D0FF30E130C17F2A0195
:10A6E0000907090F1143C17702E0FF30E130C57758
:10A6F00000990120087401992000491CFBF7F8FB20
:10A700000028C5D0F00703D0E16C2809087020E0CC
:10A71000E06C2A0A0178090909011143017018E067
:10A72000E26C30062904C00D090C1018CEE7700643
:10A73000C60DE06C8019FDF75DF8002804D1A06E0D
:10A74000002801D0401EA066E06C29008019FEF7A9
:10A7500002FD0099012008749AE70000FF01000043
:10A7600070B5040040690D00E16D002801D0012A98
:10A770000CD060680122C3682800FAF774FD002835
:10A7800001D00120656570BC08BC18470B00002291
:10A790002900F7F79BFAF2E77847C04610402DE909
:10A7A000000051E30A00000A0000D1E5000050E378
:10A7B0000700000A28009FE500008FE049E3FFEB57
:10A7C000000050E30200000A1040BDE80000B0E3C2
:10A7D0001EFF2FE10C009FE500008FE01040BDE858
:10A7E0001EFF2FE160100000481000007847C046AF
:10A7F00010402DE9000051E30A00000A0000D1E5F5
:10A80000000050E30700000A28009FE500008FE0E9
:10A8100034E3FFEB000050E30200000A1040BDE803
:10A820000000B0E31EFF2FE10C009FE500008FE069
:10A830001040BDE81EFF2FE11C11000004110000B4
:10A840000221C1E30E2342E2010652E3FFC6722257
:10A85000023101E20500009A00C2B0E1822183E1E9
:10A86000A00EA2E01EFF2F110100C0231EFF2FE14A
:10A87000010652E30300A0B11EFF2FB181C0A0E189
:10A8800002067CE30100002A0100A0E1CE0100EAFB
:10A8900070402DE9010100EB00000089F9FFFFEA9B
:10A8A0000201A0E3010540E21EFF2FE1C110B0E16B
:10A8B00003116152C330B0E103316352010053E12F
:10A8C00000000FE11EFF2FE1C0412DE930002DE90E
:10A8D000C8C29FE52142DCE12342DC117E00000A70
:10A8E000035021E021421CE0A54F84E123521C10BB
:10A8F0006900000A054044E00251A0E3811585E1AA
:10A90000833585E1A01A81E1A23A83E1030051E198
:10A91000FF4784E28005A0E18225A0E1020050010A
:10A92000024884E25100000A235CA0E15B6F8FE2E1
:10A930000560D6E72358A0E1960507E0017467E2B9
:10A94000960707E0A777A0E1976388E0006076E2CA
:10A950000188E8E297C68EE097E826E000E0A0E3F1
:10A960000070A0E396828CE096C3AEE000C07CE26B
:10A9700002E1EEE2965C88E00050A0E3968EA7E04C
:10A9800091C886E090C78EE00E6096E00050A5E288
:10A990009167A5E007E295E28660B07101484472D4
:10A9A0000550A570807096E20050A5E22774A0E1E2
:10A9B000066CA0E1057C87E16F6446E2010256E384
:10A9C0002554A0E11300009A0700A0E101C0C4E3F0
:10A9D0007F065CE3841F85E0F000BD980C1281E0E7
:10A9E0000041BD981EFF2F91040014E101E6815241
:10A9F000840F3E51F000BD580041BD581EFF2F513D
:10AA0000040014E11E00004AF000BDE8061241E215
:10AA10000041BDE8D10000EAA225A0E1832A82E13D
:10AA2000A335A0E1978286E00E001EE1A005A0E11B
:10AA3000976326E0810A80E1A2E0A0E1956226E02A
:10AA400083EF8EE1A115A0E1006A4650006A56E04E
:10AA50000EE098E0A3E0B6E0DAFFFF5A028098E04B
:10AA60000360B6E0017097E20050B5E2D5FFFFEA5F
:10AA70000156A0E30070A0E30060A0E30080A0E323
:10AA8000D0FFFFEAF000BDE80000A0E3061281E27B
:10AA90000041BDE8021101E21EFF2FE10C0211E1AD
:10AAA00023520CE00000000A070000EA0C0213E148
:10AAB0001500000A0000A0E3F000BDE8031021E04B
:10AAC0000041BDE8021101E21EFF2FE1F000BDE8E8
:10AAD000031021E00041BDE8A00000EAF000BDE85D
:10AAE0000041BDE870402DE96C0000EB097EFC3EA2
:10AAF000030000EA031021E00000A0E3021101E2DC
:10AB00001EFF2FE1031021E0940000EAF000BDE8F1
:10AB10000000A0E388109FE50041BDE81EFF2FE183
:10AB2000FFFDFBF9F7F5F4F2F0EEEDEBE9E8E6E412
:10AB3000E3E1E0DEDDDBDAD8D7D5D4D3D1D0CFCD99
:10AB4000CCCBCAC8C7C6C5C4C2C1C0BFBEBDBCBBD2
:10AB5000BAB9B8B7B6B5B4B3B2B1B0AFAEADACABCD
:10AB6000AAA9A8A8A7A6A5A4A3A3A2A1A09F9F9EA7
:10AB70009D9C9C9B9A999998979796959594939359
:10AB8000929191908F8F8E8E8D8C8C8B8B8A8989F0
:10AB90008888878786858584848383828281818073
:10ABA0000000FF070000F87F023110E20010601281
:10ABB0000010A001013183E32108B0E101348312C8
:10ABC0000118B0011EFF2F01FF0411E302358312AB
:10ABD0000114A0010F0211E3013583120112A0013B
:10ABE000030111E3023683120111B00101368342E1
:10ABF0008110A051810AA0E1C11583E01EFF2FE161
:10AC00000131A0E30010A0E1EAFFFFEA03C091E1F7
:10AC10000E00004A01067CE301065C530300004A73
:10AC2000030051E11EFF2F11020050011EFF2FE112
:10AC30000400007A010671E3010673531100004A13
:10AC4000030051E11EFF2FE1010051E11EFF2FE142
:10AC500001067CE30500005A01065CE3F9FFFF5A98
:10AC6000010053E11EFF2F11000052011EFF2FE1D2
:10AC700002C6A0E381007CE183007C310100002A50
:10AC8000010053E11EFF2FE170402DE9030000EBAE
:10AC9000922449000212A0E30132A0E302FFFFEA7E
:10ACA00004609EE4060016E10300004A010052E33E
:10ACB0000350A3E0020675E30A00008A010050E396
:10ACC00001C0A1E002067CE30600008A0700001A2A
:10ACD000A1CFA0E1020675E38CC08CE002C08CE23B
:10ACE000A3CFAC00020000EA08C0A0E3000000EA25
:10ACF000A3CFA0E18C508CE03665A0E1076006E2AE
:10AD000004C056E20200002A06C18EE07040BDE891
:10AD10001CFF2FE10CF18FE00000A0E1060000EA2B
:10AD2000070000EAFFFFFFEA7040BDE80000A0E373
:10AD30000211A0E3021741E21EFF2FE10310A0E180
:10AD40000200A0E1010050E30140B1E002467412AC
:10AD50007040BDE80000A083021101821EFF2FE1B8
:10AD60002100B0E1021640E26110A0E11EFF2FE1D8
:10AD700001C093E10E00004A01067CE301065C532A
:10AD80000300004A010053E11EFF2F110000520191
:10AD90001EFF2FE10400007A010673E301067153E0
:10ADA0001100004A010053E11EFF2FE1030053E1AF
:10ADB0001EFF2FE101067CE30500005A01065CE35B
:10ADC000F9FFFF5A030051E11EFF2F11020050014D
:10ADD0001EFF2FE102C6A0E383007CE181007C31ED
:10ADE0000100002A030051E11EFF2FE10F002DE9B1
:10ADF0000C00BDE80300BDE8A2FFFFEA8030B0E12F
:10AE0000A3C1A0E16CC0A0E1003033E0800EA0112E
:10AE10000E138C127F0413131EFF2F1102031CE369
:10AE20000200001A0000B0E302110CE21EFF2FE145
:10AE300002310CE2A00E83E110402DE98C0180E18B
:10AE4000370000EB000000920010A0E1C3FFFFEA12
:10AE50000211A0E30000A0E3021741E21EFF2FE170
:10AE6000010030E1021121425E00004A012050E061
:10AE70000200403002108130A02BA0E1FFC4A0E30B
:10AE800081001CE1020C3C11A13B42E01C00000AC5
:10AE900002C1A0E300048CE101148CE131C390E015
:10AEA0000E00002A012042E22C04B0E1820BA0E057
:10AEB0001EFF2F317F001CE380C0A0E1FF045C1364
:10AEC0001EFF2F31203063E21113B0E10100C003F7
:10AED000FF045CE31EFF2F31060240E23A0000EA65
:10AEE0006C00A0E12004B0E1820BA0E0FF001C2375
:10AEF00080C0A0E1F2FFFF0AFF045C131EFF2F31A8
:10AF0000F4FFFFEA020C3CE10200000AAC0010E191
:10AF1000020100021EFF2FE110402DE9000000EBAE
:10AF200064FBBE3E04409EE4040014E10200004ABB
:10AF30008120A0E1FF0452E30900008A8030A0E1F3
:10AF4000FF0453E30600008A0700001AA0CFA0E127
:10AF5000FF0452E38CC08CE002C08CE2A1CFAC00B5
:10AF6000020000EA08C0A0E3000000EAA1CFA0E1CF
:10AF70008C308CE03443A0E1074004E204C054E28A
:10AF80000200002A04C18EE01040BDE81CFF2FE142
:10AF90000CF18FE00000A0E1050000EA050000EAE6
:10AFA000FFFFFFEA1040BDE80201A0E3010540E217
:10AFB0001EFF2FE10100A0E11040BDE88020B0E1BC
:10AFC00001247212020100821EFF2FE1FF10B0E384
:10AFD000A00B81E1800BB0E11EFF2FE1010030E109
:10AFE00002112142A0FFFF4A012050E0022122323B
:10AFF0000200403002108130A02BA0E1FFC4A0E38A
:10B0000081001CE1020C3C11A13B42E03400000A2B
:10B0100002C1A0E300048CE101148CE131C350E0D3
:10B020000800004AFE0012E38C00B0111000005A24
:10B030004004B0E1820BA0E01EFF2F313F001CE373
:10B040001EFF2F11050000EA012042E22C04B0E1AE
:10B05000820BA0E01EFF2F317F001CE31EFF2F118B
:10B06000203063E21113B0E1010040120100C0037F
:10B070001EFF2FE12234A0E11600000A000010E1BB
:10B080001EFF2F01A0CBB0E10400001A0004A001B4
:10B0900008204202A0CBB0E10004A0010820420237
:10B0A0001E0310E32002A01104208212060410E304
:10B0B0002001A01102208212010450E30920C2E203
:10B0C000A000A021220433E1820B80001EFF2F018B
:10B0D000830FA0E11EFF2FE1AC03B0E11EFF2F01A3
:10B0E000FAFFFFEA020C3CE10200000AAC0010E1AA
:10B0F0000000A0031EFF2FE110402DE988FFFFEBA9
:10B1000040DFF63E020121E21EFF2FE17847C046F4
:10B110000000A0E31EFF2FE14DE8FFEA535444492D
:10B120004E005354444F555400535444455252001A
:10B13000C0A8001EC0A800FEFFFFFF00C2190281C8
:10B14000C2190282000000000000000000000000A0
:10B150000000000000000000C0A8E10100000000A5
:10B16000FFFFFF00C2190281C21902824805004098
:10B17000401F00000A64023D69000040882400402E
:10B180000A9604020100000032000000142500406D
:10B1900001000000202500400105280002001400E5
:10B1A0000A007800B4051C11070000000800010027
:10B1B000000000000000000000000000251C00004E
:10B1C000331C00003D1C0000471C0000511C000007
:10B1D0005B1C0000201500814D30000DBC260000D6
:10B1E00018270000482700007C270000CC2700001B
:10B1F000202800007C280000AC280000000000008F
:10B200000000FFFFFFFF7F000001FFFFFFFFFFFFC8
:10B21000000A0C0D0F14191E23282D32373C4650FE
:10B2200001100000020010000002410001100000A7
:10B230000200100000044100012000000200200074
:10B24000000441000120000004002000000441002F
:10B250000210000008002000000441000210040059
:10B2600010002000000481000220080020002000BF
:10B2700000048100022010004000200000040101B1
:10B2800002402000000120000002010103404000B4
:10B2900000012000000401010340400000013F00C4
:10B2A0000004010103404000FF003F0000040101D1
:10B2B00003404000FF003F000004010101030507B7
:10B2C000090E10121416181C1E00000000000000C9
:10B2D000B71DC1046E3B8209D926430DDC760413E9
:10B2E0006B6BC517B24D861A0550471EB8ED082680
:10B2F0000FF0C922D6D68A2F61CB4B2B649B0C351D
:10B30000D386CD310AA08E3CBDBD4F3870DB114CC9
:10B31000C7C6D0481EE09345A9FD5241ACAD155FAC
:10B320001BB0D45BC2969756758B5652C836196AB5
:10B330007F2BD86EA60D9B6311105A6714401D79A0
:10B34000A35DDC7D7A7B9F70CD665E74E0B623984A
:10B3500057ABE29C8E8DA191399060953CC0278BB4
:10B360008BDDE68F52FBA582E5E66486585B2BBE3B
:10B37000EF46EABA3660A9B7817D68B3842D2FAD58
:10B380003330EEA9EA16ADA45D0B6CA0906D32D4FB
:10B390002770F3D0FE56B0DD494B71D94C1B36C730
:10B3A000FB06F7C32220B4CE953D75CA28803AF239
:10B3B0009F9DFBF646BBB8FBF1A679FFF4F63EE194
:10B3C00043EBFFE59ACDBCE82DD07DEC7770863459
:10B3D000C06D4730194B043DAE56C539AB068227C8
:10B3E0001C1B4323C53D002E7220C12ACF9D8E1207
:10B3F00078804F16A1A60C1B16BBCD1F13EB8A013C
:10B40000A4F64B057DD00808CACDC90C07AB9778C8
:10B41000B0B6567C69901571DE8DD475DBDD936B0B
:10B420006CC0526FB5E6116202FBD066BF469F5EEC
:10B43000085B5E5AD17D1D576660DC5363309B4DBF
:10B44000D42D5A490D0B1944BA16D84097C6A5AC4D
:10B4500020DB64A8F9FD27A54EE0E6A14BB0A1BF13
:10B46000FCAD60BB258B23B69296E2B22F2BAD8A42
:10B4700098366C8E41102F83F60DEE87F35DA999F7
:10B480004440689D9D662B902A7BEA94E71DB4E0BA
:10B49000500075E4892636E93E3BF7ED3B6BB0F38F
:10B4A0008C7671F7555032FAE24DF3FE5FF0BCC670
:10B4B000E8ED7DC231CB3ECF86D6FFCB8386B8D5B3
:10B4C000349B79D1EDBD3ADC5AA0FBD8EEE00C6993
:10B4D00059FDCD6D80DB8E6037C64F643296087A99
:10B4E000858BC97E5CAD8A73EBB04B77560D044FEC
:10B4F000E110C54B383686468F2B47428A7B005C6D
:10B500003D66C158E4408255535D43519E3B1D2525
:10B510002926DC21F0009F2C471D5E28424D19365C
:10B52000F550D8322C769B3F9B6B5A3B26D61503A1
:10B5300091CBD40748ED970AFFF0560EFAA01110F0
:10B540004DBDD014949B93192386521D0E562FF196
:10B55000B94BEEF5606DADF8D7706CFCD2202BE2E4
:10B56000653DEAE6BC1BA9EB0B0668EFB6BB27D727
:10B5700001A6E6D3D880A5DE6F9D64DA6ACD23C428
:10B58000DDD0E2C004F6A1CDB3EB60C97E8D3EBD37
:10B59000C990FFB910B6BCB4A7AB7DB0A2FB3AAE60
:10B5A00015E6FBAACCC0B8A77BDD79A3C660369BA5
:10B5B000717DF79FA85BB4921F4675961A16328864
:10B5C000AD0BF38C742DB081C330718599908A5D79
:10B5D0002E8D4B59F7AB085440B6C95045E68E4EF8
:10B5E000F2FB4F4A2BDD0C479CC0CD43217D827B73
:10B5F0009660437F4F460072F85BC176FD0B86680C
:10B600004A16476C93300461242DC565E94B9B11A4
:10B610005E565A1587701918306DD81C353D9F023B
:10B6200082205E065B061D0BEC1BDC0F51A69337D8
:10B63000E6BB52333F9D113E8880D03A8DD097248F
:10B640003ACD5620E3EB152D54F6D4297926A9C519
:10B65000CE3B68C1171D2BCCA000EAC8A550ADD6C3
:10B66000124D6CD2CB6B2FDF7C76EEDBC1CBA1E32E
:10B6700076D660E7AFF023EA18EDE2EE1DBDA5F047
:10B68000AAA064F4738627F9C49BE6FD09FDB88976
:10B69000BEE0798D67C63A80D0DBFB84D58BBC9A3F
:10B6A00062967D9EBBB03E930CADFF97B110B0AFDC
:10B6B000060D71ABDF2B32A66836F3A26D66B4BC03
:10B6C000DA7B75B8035D36B5B440F7B1303132334B
:10B6D00034353637383941424344454640305800C6
:10B6E00030313233343536373839616263646566F8
:10B6F0004030780004000008000000000000000254
:10B70000000100001000000002400000000000A046
:10B710000000000005400000000000C8000000001C
:10B720000C4000000000409C000000001940000098
:10B730000020BCBE0000000034400000BFC91B8ECA
:10B7400000000004B5400000504BCFD06607E2CFA8
:10B75000010000006C4100003E8251AADFEEA734D8
:10B7600001000000D9420000DCB5A0E23A301F978A
:10B77000FFFFFFFFB4450000FD25A0C8E9A3C14FAE
:10B78000FFFFFFFFFF3F00000000008000000000FF
:10B79000FF3F0000000000800000000054656D7055
:10B7A000657261747572653A20252E32662C50726E
:10B7B0006573737572653A20252E32662C48756D57
:10B7C00069646974793A20252E32662C57696E6453
:10B7D00053706565643A20252E32662C57696E6475
:10B7E0004469723A20252E32660A000048B90000EA
:10B7F00000000040F802000080010000C8B900000D
:10B80000F8020040203A0000DC010000C8B9000046
:10B8100000000081A0150000DC0100001001000004
:10B8200043000000F8FFFFFF004040404040404020
:10B830004040414141414140404040404040404003
:10B8400040404040404040404005020202020202A7
:10B8500002020202020202020220202020202020F6
:10B86000202020020202020202029090909090900A
:10B8700010101010101010101010101010101010C8
:10B88000101010100202020202028888888888883C
:10B890000808080808080808080808080808080828
:10B8A0000808080802020202400000000000000030
:10B8B0000000000000000000000000000000000088
:10B8C0000000000000000000000000000000000078
:10B8D0000000000000000000000000000000000068
:10B8E0000000000000000000000000000000000058
:10B8F0000000000000000000000000000000000048
:10B900000000000000000000000000000000000037
:10B910000000000000000000000000000000000027
:10B920000000000000000000000000001C000000FB
:10B9300043000000F8FFFFFF0C0000000E000000B5
:10B940000F0000002E0000008114AA550152012AA8
:10B95000010B8A021652032A030B52042A020B52CD
:10B9600005490661031DE841A76D6B5F747376C7D7
:10B970001E306CA2455ED44B49544654C2D0333578
:10B9800039054108091A382E343230452D36090D53
:10B990001E362E3038090C1F322E360964392E30EF
:10B9A0006D43483031096A32096A33096A340949FA
:10B9B000A519096A36096A3709723802FF02014E71
:08B9C00013AA5503390A010026
:040000050000013CBA
:00000001FF
